dataset,v.model,alpha,beta,AR,MA,distribution,mIC,log_likelihood,elapsed
rt_ret,sGARCH,1,1,0,0,norm,0.7969086123310969,-7277.343338263159,2.0090000000018335
rt_ret,sGARCH,1,1,0,1,norm,0.7971598610886983,-7277.343059941472,3.7080000000023574
rt_ret,sGARCH,1,1,1,0,norm,0.7971598686519105,-7277.343129095702,3.6080000000001746
rt_ret,sGARCH,1,1,1,1,norm,0.7749386187442117,-7071.8655865397905,4.915999999997439
rt_ret,sGARCH,1,2,0,0,norm,0.7971821976008421,-7277.547293840258,3.11699999999837
rt_ret,sGARCH,1,2,0,1,norm,0.7974334408614137,-7277.5469925684265,4.605999999999767
rt_ret,sGARCH,1,2,1,0,norm,0.7974334490410891,-7277.54706735929,4.683999999997468
rt_ret,sGARCH,1,2,1,1,norm,0.7752134554982169,-7072.081039681149,5.606999999999971
rt_ret,sGARCH,2,1,0,0,norm,0.7967137400023383,-7273.263951788339,3.0159999999996217
rt_ret,sGARCH,2,1,0,1,norm,0.7969644903977386,-7273.259144003814,4.552999999999884
rt_ret,sGARCH,2,1,1,0,norm,0.7969646163214064,-7273.26029538687,4.201000000000931
rt_ret,sGARCH,2,1,1,1,norm,0.77516465432277,-7071.634826133451,5.879999999997381
rt_ret,sGARCH,2,2,0,0,norm,0.7969318846775357,-7272.961013601139,4.167000000001281
rt_ret,sGARCH,2,2,0,1,norm,0.7971825574429101,-7272.955523312452,5.961999999999534
rt_ret,sGARCH,2,2,1,0,norm,0.7971827011742508,-7272.956837519965,5.830999999998312
rt_ret,sGARCH,2,2,1,1,norm,0.7752871277678741,-7070.457172659882,7.42699999999968
rt_ret,sGARCH,1,1,0,0,std,0.6430994768064839,-5868.691936257045,4.540000000000873
rt_ret,sGARCH,1,1,0,1,std,0.64315907711919,-5866.939347691405,5.988000000001193
rt_ret,sGARCH,1,1,1,0,std,0.6431910530026768,-5867.231719182066,5.914999999997235
rt_ret,sGARCH,1,1,1,1,std,0.6400968395147313,-5836.642261436149,7.556000000000495
rt_ret,sGARCH,1,2,0,0,std,0.643374135948887,-5868.90573810074,4.561000000001513
rt_ret,sGARCH,1,2,0,1,std,0.6434338882825392,-5867.154566844601,7.0020000000004075
rt_ret,sGARCH,1,2,1,0,std,0.6434658353151899,-5867.446674537642,6.820999999999913
rt_ret,sGARCH,1,2,1,1,std,0.6403720027141593,-5836.860726731242,8.572000000000116
rt_ret,sGARCH,2,1,0,0,std,0.642287560996641,-5858.970640024878,5.467000000000553
rt_ret,sGARCH,2,1,0,1,std,0.6423752953965208,-5857.475322791292,7.391999999999825
rt_ret,sGARCH,2,1,1,0,std,0.6424007084238836,-5857.7076868069835,7.447000000000116
rt_ret,sGARCH,2,1,1,1,std,0.6394868862883529,-5828.76766469188,9.316999999999098
rt_ret,sGARCH,2,2,0,0,std,0.6424981106001126,-5858.598283605333,7.136999999998807
rt_ret,sGARCH,2,2,0,1,std,0.6425859116729482,-5857.103603295927,9.05199999999968
rt_ret,sGARCH,2,2,1,0,std,0.6426112759271199,-5857.335521353946,8.91700000000128
rt_ret,sGARCH,2,2,1,1,std,0.6396541587068538,-5827.999657925612,11.343000000000757
rt_ret,sGARCH,1,1,0,0,snorm,0.7946983467968304,-7254.836204013777,3.344999999997526
rt_ret,sGARCH,1,1,0,1,snorm,0.7949301657235802,-7254.658296345647,4.75
rt_ret,sGARCH,1,1,1,0,snorm,0.7949349001841411,-7254.701585885786,4.3619999999973516
rt_ret,sGARCH,1,1,1,1,snorm,0.7738724413116689,-7059.819476466448,6.494999999998981
rt_ret,sGARCH,1,2,0,0,snorm,0.7949718498131316,-7255.03943481846,4.038000000000466
rt_ret,sGARCH,1,2,0,1,snorm,0.79520372748299,-7254.862091573922,5.5310000000026776
rt_ret,sGARCH,1,2,1,0,snorm,0.7952084467487082,-7254.905242180016,5.5090000000018335
rt_ret,sGARCH,1,2,1,1,snorm,0.7741468720035449,-7060.031244078739,7.576000000000931
rt_ret,sGARCH,2,1,0,0,snorm,0.7945380936444634,-7251.073385290242,4.325999999997293
rt_ret,sGARCH,2,1,0,1,snorm,0.7947753168881092,-7250.94491929963,5.43500000000131
rt_ret,sGARCH,2,1,1,0,snorm,0.7947782562790355,-7250.971795620564,5.929000000000087
rt_ret,sGARCH,2,1,1,1,snorm,0.774093539736433,-7059.5436004944,7.415000000000873
rt_ret,sGARCH,2,2,0,0,snorm,0.7947636287911812,-7250.838049185369,5.245000000002619
rt_ret,sGARCH,2,2,0,1,snorm,0.7950007128433383,-7250.708337797389,7.111000000000786
rt_ret,sGARCH,2,2,1,0,snorm,0.7950040415065891,-7250.738773429824,7.665999999997439
rt_ret,sGARCH,2,2,1,1,snorm,0.7742316830797902,-7058.509252029556,8.911000000000058
rt_ret,sGARCH,1,1,0,0,sstd,0.6432004588921482,-5867.317721932448,7.833999999998923
rt_ret,sGARCH,1,1,0,1,sstd,0.6432916474858457,-5865.853988120033,10.694999999999709
rt_ret,sGARCH,1,1,1,0,sstd,0.64331890396783,-5866.103207763057,10.329000000001543
rt_ret,sGARCH,1,1,1,1,sstd,0.6263950705727146,-5709.062647695942,12.381999999997788
rt_ret,sGARCH,1,2,0,0,sstd,0.6434751149011766,-5867.531522432111,8.632999999997992
rt_ret,sGARCH,1,2,0,1,sstd,0.6435664437746522,-5866.069098567858,11.9900000000016
rt_ret,sGARCH,1,2,1,0,sstd,0.6435936732561711,-5866.318071332126,11.697000000000116
rt_ret,sGARCH,1,2,1,1,sstd,0.6266705902322214,-5709.28439957781,14.860000000000582
rt_ret,sGARCH,2,1,0,0,sstd,0.6423527846196861,-5857.269495503304,9.71900000000096
rt_ret,sGARCH,2,1,0,1,sstd,0.6424730241540786,-5856.071416267143,12.758999999998196
rt_ret,sGARCH,2,1,1,0,sstd,0.6424938243110019,-5856.2616025019715,12.909999999999854
rt_ret,sGARCH,2,1,1,1,sstd,0.6260621915871291,-5703.7215065664095,15.593999999997322
rt_ret,sGARCH,2,2,0,0,sstd,0.6425616593930481,-5856.88185257466,11.806000000000495
rt_ret,sGARCH,2,2,0,1,sstd,0.6426819114011627,-5855.683914686026,14.699000000000524
rt_ret,sGARCH,2,2,1,0,sstd,0.6427026745527862,-5855.873762562895,15.548999999999069
rt_ret,sGARCH,2,2,1,1,sstd,0.6261572605637706,-5702.293334917582,18.529999999998836
rt_ret,eGARCH,1,1,0,0,norm,0.795219118641387,-7259.5978813744805,2.7969999999986612
rt_ret,eGARCH,1,1,0,1,norm,0.795246351234124,-7257.549338561304,4.052999999999884
rt_ret,eGARCH,1,1,1,0,norm,0.7952947187034417,-7257.991586517011,4.3400000000001455
rt_ret,eGARCH,1,1,1,1,norm,0.7784269075134987,-7101.463238182879,5.608000000000175
rt_ret,eGARCH,1,2,0,0,norm,0.7954424049687508,-7259.341955883864,3.690999999998894
rt_ret,eGARCH,1,2,0,1,norm,0.7954786511365481,-7257.375856000232,5.1010000000023865
rt_ret,eGARCH,1,2,1,0,norm,0.7955247329011212,-7257.797204614605,5.153000000002066
rt_ret,eGARCH,1,2,1,1,norm,0.7919996287368629,-7223.267925269832,6.389000000002852
rt_ret,eGARCH,2,1,0,0,norm,0.7867456951659346,-7177.526073082927,4.474000000001979
rt_ret,eGARCH,2,1,0,1,norm,0.7869522933626867,-7177.117614276051,6.6599999999998545
rt_ret,eGARCH,2,1,1,0,norm,0.7869655034503902,-7177.238400712968,7.313000000001921
rt_ret,eGARCH,2,1,1,1,norm,0.7674397977075952,-6996.407648128891,7.3179999999993015
rt_ret,eGARCH,2,2,0,0,norm,0.7900007457999423,-7204.991139136098,5.049999999999272
rt_ret,eGARCH,2,2,0,1,norm,0.7902299707201629,-7204.789595069304,7.117999999998574
rt_ret,eGARCH,2,2,1,0,norm,0.7868861036571556,-7174.214946578697,8.081999999998516
rt_ret,eGARCH,2,2,1,1,norm,0.7682381451951811,-7001.4099035448835,9.083999999998923
rt_ret,eGARCH,1,1,0,0,std,0.6314808384602931,-5760.159372513781,5.062999999998283
rt_ret,eGARCH,1,1,0,1,std,0.6309650866405299,-5753.146079030887,6.59599999999773
rt_ret,eGARCH,1,1,1,0,std,0.6310595067727252,-5754.009409509616,7.186999999998079
rt_ret,eGARCH,1,1,1,1,std,0.6280203613948929,-5723.923494328528,10.348999999998341
rt_ret,eGARCH,1,2,0,0,std,0.6313026441878286,-5756.232536464614,7.61699999999837
rt_ret,eGARCH,1,2,0,1,std,0.6308081691994285,-5749.413814989301,11.635999999998603
rt_ret,eGARCH,1,2,1,0,std,0.6308964327789415,-5750.220853028577,10.275000000001455
rt_ret,eGARCH,1,2,1,1,std,0.6279162010800801,-5720.673642365206,11.681000000000495
rt_ret,eGARCH,2,1,0,0,std,0.6311172247051298,-5752.2396640056795,8.027000000001863
rt_ret,eGARCH,2,1,0,1,std,0.6304203893984448,-5743.5706882541745,10.889999999999418
rt_ret,eGARCH,2,1,1,0,std,0.630534636443878,-5744.615306114093,10.566999999999098
rt_ret,eGARCH,2,1,1,1,std,0.6274909851506514,-5714.488245677726,12.418000000001484
rt_ret,eGARCH,2,2,0,0,std,0.6310850619943263,-5749.648122134618,11.942999999999302
rt_ret,eGARCH,2,2,0,1,std,0.6303855678549626,-5740.954862634595,13.604999999999563
rt_ret,eGARCH,2,2,1,0,std,0.6305002398051796,-5742.003365611405,13.375999999996566
rt_ret,eGARCH,2,2,1,1,std,0.6274083364947756,-5711.435140138095,15.52100000000064
rt_ret,eGARCH,1,1,0,0,snorm,0.7937360995291521,-7243.740352096894,4.22899999999936
rt_ret,eGARCH,1,1,0,1,snorm,0.7936790857244223,-7240.921529654458,6.290000000000873
rt_ret,eGARCH,1,1,1,0,snorm,0.7937384189725671,-7241.464043208871,6.325999999997293
rt_ret,eGARCH,1,1,1,1,snorm,0.7902640259570863,-7207.398441252944,7.533999999999651
rt_ret,eGARCH,1,2,0,0,snorm,0.7939433673610568,-7243.337988799026,5.0129999999990105
rt_ret,eGARCH,1,2,0,1,snorm,0.7939004561837864,-7240.648141030777,7.406999999999243
rt_ret,eGARCH,1,2,1,0,snorm,0.793956446473103,-7241.160088241143,7.6049999999995634
rt_ret,eGARCH,1,2,1,1,snorm,0.7905280847197738,-7207.515400424746,8.42699999999968
rt_ret,eGARCH,2,1,0,0,snorm,0.7843049287210109,-7152.91143567489,6.989000000001397
rt_ret,eGARCH,2,1,0,1,snorm,0.7844734338825776,-7152.154700494843,8.927999999999884
rt_ret,eGARCH,2,1,1,0,snorm,0.784492547035327,-7152.329461607007,9.211999999999534
rt_ret,eGARCH,2,1,1,1,snorm,0.7665895731313139,-6986.336184878914,10.102999999999156
rt_ret,eGARCH,2,2,0,0,snorm,0.7841780180596264,-7149.453565917688,7.552999999999884
rt_ret,eGARCH,2,2,0,1,snorm,0.7843619477513692,-7148.83789221739,10.008999999998196
rt_ret,eGARCH,2,2,1,0,snorm,0.7843780342763941,-7148.984979358955,10.002000000000407
rt_ret,eGARCH,2,2,1,1,snorm,0.7660137683984296,-6978.773906749156,12.216999999996915
rt_ret,eGARCH,1,1,0,0,sstd,0.630749352181972,-5751.173511009064,8.118999999998778
rt_ret,eGARCH,1,1,0,1,sstd,0.6302477468799255,-5744.2895935109245,11.212999999999738
rt_ret,eGARCH,1,1,1,0,sstd,0.6303451319841284,-5745.180034211205,11.40599999999904
rt_ret,eGARCH,1,1,1,1,sstd,0.627272739374696,-5714.790150262027,13.17699999999968
rt_ret,eGARCH,1,2,0,0,sstd,0.630565129253851,-5747.191579246912,10.315000000002328
rt_ret,eGARCH,1,2,0,1,sstd,0.6300813189553303,-5740.4703976575565,13.372999999999593
rt_ret,eGARCH,1,2,1,0,sstd,0.6301731330190784,-5741.309899549438,13.808000000000902
rt_ret,eGARCH,1,2,1,1,sstd,0.6271696557011625,-5711.550169856324,15.561000000001513
rt_ret,eGARCH,2,1,0,0,sstd,0.630277556974531,-5742.264699986119,12.871999999999389
rt_ret,eGARCH,2,1,0,1,sstd,0.6295965716458962,-5733.740675796997,16.635000000002037
rt_ret,eGARCH,2,1,1,0,sstd,0.6297103746401321,-5734.781233474793,16.15400000000227
rt_ret,eGARCH,2,1,1,1,sstd,0.62670338670404,-5704.989431726505,19.173000000002503
rt_ret,eGARCH,2,2,0,0,sstd,0.6300640439544258,-5738.015008850038,17.006000000001222
rt_ret,eGARCH,2,2,0,1,sstd,0.6293837244165372,-5729.497099600723,20.166999999997643
rt_ret,eGARCH,2,2,1,0,sstd,0.6294976394097679,-5730.538681341327,20.255999999997584
rt_ret,eGARCH,2,2,1,1,sstd,0.6265094141070364,-5700.918463007332,23.087999999999738
rt_ret,gjrGARCH,1,1,0,0,norm,0.7964300490117608,-7270.670023215995,4.0020000000004075
rt_ret,gjrGARCH,1,1,0,1,norm,0.7966790655888123,-7270.649362263396,5.89600000000064
rt_ret,gjrGARCH,1,1,1,0,norm,0.7966796108640893,-7270.654347987892,5.681000000000495
rt_ret,gjrGARCH,1,1,1,1,norm,0.7751898895826747,-7071.8655647323885,6.950000000000728
rt_ret,gjrGARCH,1,2,0,0,norm,0.7967036745547759,-7270.874374343684,4.60399999999936
rt_ret,gjrGARCH,1,2,0,1,norm,0.7969527099629095,-7270.853912879066,6.786000000000058
rt_ret,gjrGARCH,1,2,1,0,norm,0.7969532499486224,-7270.858850238432,6.525000000001455
rt_ret,gjrGARCH,1,2,1,1,norm,0.7754647229788258,-7072.08101447122,8.345000000001164
rt_ret,gjrGARCH,2,1,0,0,norm,0.821928693806822,-7499.22182115588,4.605999999999767
rt_ret,gjrGARCH,2,1,0,1,norm,0.8220819083381163,-7498.325248803892,6.756000000001222
rt_ret,gjrGARCH,2,1,1,0,norm,0.8221019197585477,-7498.508223226607,6.333999999998923
rt_ret,gjrGARCH,2,1,1,1,norm,0.7938061194719321,-7237.4881111811055,8.206999999998516
rt_ret,gjrGARCH,2,2,0,0,norm,0.820531298340508,-7484.14724629076,6.233000000000175
rt_ret,gjrGARCH,2,2,0,1,norm,0.8206350189225486,-7482.798153307818,8.27100000000064
rt_ret,gjrGARCH,2,2,1,0,norm,0.8206670907942423,-7483.091402466649,7.916999999997643
rt_ret,gjrGARCH,2,2,1,1,norm,0.7754746221775696,-7067.576630833352,12.048999999999069
rt_ret,gjrGARCH,1,1,0,0,std,0.6390982117943419,-5829.808825593656,6.188000000001921
rt_ret,gjrGARCH,1,1,0,1,std,0.6390239100188911,-5826.8319305909345,8.923000000002503
rt_ret,gjrGARCH,1,1,1,0,std,0.6390724744743667,-5827.275979689574,9.368000000002212
rt_ret,gjrGARCH,1,1,1,1,std,0.6361057852019278,-5797.852566908154,10.22899999999936
rt_ret,gjrGARCH,1,2,0,0,std,0.6393741557710353,-5830.034402625664,7.3770000000004075
rt_ret,gjrGARCH,1,2,0,1,std,0.6393000770064674,-5827.05957402296,10.130000000001019
rt_ret,gjrGARCH,1,2,1,0,std,0.6393486044188665,-5827.503284418232,9.656999999999243
rt_ret,gjrGARCH,1,2,1,1,std,0.6363822320019069,-5798.08279609893,11.69999999999709
rt_ret,gjrGARCH,2,1,0,0,std,0.6385680997198757,-5820.36673970301,11.132000000001426
rt_ret,gjrGARCH,2,1,0,1,std,0.6384724921032264,-5817.195089335345,14.257000000001426
rt_ret,gjrGARCH,2,1,1,0,std,0.63852143369064,-5817.642586739861,14.570999999999913
rt_ret,gjrGARCH,2,1,1,1,std,0.635620262054508,-5788.8182890481385,16.884000000001834
rt_ret,gjrGARCH,2,2,0,0,std,0.6387436993467069,-5819.67487276611,13.116000000001804
rt_ret,gjrGARCH,2,2,0,1,std,0.6397740025385856,-5826.798015164302,18.92699999999968
rt_ret,gjrGARCH,2,2,1,0,std,0.6387009557076354,-5816.98661146551,16.36999999999898
rt_ret,gjrGARCH,2,2,1,1,std,0.6357491978545358,-5787.699805981063,18.506000000001222
rt_ret,gjrGARCH,1,1,0,0,snorm,0.7943812630036056,-7249.639404325559,5.213999999999942
rt_ret,gjrGARCH,1,1,0,1,snorm,0.7946117777236044,-7249.44959894898,7.415000000000873
rt_ret,gjrGARCH,1,1,1,0,snorm,0.7946167025169324,-7249.494628796774,7.256000000001222
rt_ret,gjrGARCH,1,1,1,1,snorm,0.7741201161619577,-7059.786602041187,9.074000000000524
rt_ret,gjrGARCH,1,2,0,0,snorm,0.7946548244969333,-7249.843197120912,6.225000000002183
rt_ret,gjrGARCH,1,2,0,1,snorm,0.7948854022927179,-7249.653995777792,8.723000000001775
rt_ret,gjrGARCH,1,2,1,0,snorm,0.7948903112299106,-7249.698880645014,8.651000000001659
rt_ret,gjrGARCH,1,2,1,1,snorm,0.7743945359290385,-7059.998297056658,10.289999999997235
rt_ret,gjrGARCH,2,1,0,0,snorm,0.8211873637347031,-7490.145980222584,6.903999999998632
rt_ret,gjrGARCH,2,1,0,1,snorm,0.8214164756842199,-7489.94340320816,8.961999999999534
rt_ret,gjrGARCH,2,1,1,0,snorm,0.8214210438801214,-7489.985172507384,9.058999999997468
rt_ret,gjrGARCH,2,1,1,1,snorm,0.7937141520765479,-7234.349772464661,11.114000000001397
rt_ret,gjrGARCH,2,2,0,0,snorm,0.8196746798846675,-7474.0172933149515,8.157999999999447
rt_ret,gjrGARCH,2,2,0,1,snorm,0.8198545974190403,-7473.36493445374,11.087999999999738
rt_ret,gjrGARCH,2,2,1,0,snorm,0.8198703186882814,-7473.508681879046,11.522000000000844
rt_ret,gjrGARCH,2,2,1,1,snorm,0.7743133933482208,-7054.661527477572,15.67699999999968
rt_ret,gjrGARCH,1,1,0,0,sstd,0.6385623350181583,-5822.611519571734,11.157999999999447
rt_ret,gjrGARCH,1,1,0,1,sstd,0.6384989798287608,-5819.734741978601,14.03399999999965
rt_ret,gjrGARCH,1,1,1,0,sstd,0.6385461553215868,-5820.166091097255,13.997000000003027
rt_ret,gjrGARCH,1,1,1,1,sstd,0.6355698799584514,-5790.655055189594,17.123999999999796
rt_ret,gjrGARCH,1,2,0,0,sstd,0.6388382891019657,-5822.83721631815,12.55199999999968
rt_ret,gjrGARCH,1,2,0,1,sstd,0.6387751540960795,-5819.962479266997,15.666000000001077
rt_ret,gjrGARCH,1,2,1,0,sstd,0.6388222927046463,-5820.393491134428,16.352999999999156
rt_ret,gjrGARCH,1,2,1,1,sstd,0.6235434764375029,-5678.394199759052,18.875
rt_ret,gjrGARCH,2,1,0,0,sstd,0.6378463784700154,-5811.47021933008,18.614999999997963
rt_ret,gjrGARCH,2,1,0,1,sstd,0.6377642541469644,-5808.421880745514,22.452000000001135
rt_ret,gjrGARCH,2,1,1,0,sstd,0.6378105876256983,-5808.845530908317,23.010000000002037
rt_ret,gjrGARCH,2,1,1,1,sstd,0.6349664075171172,-5780.542362530876,26.70300000000134
rt_ret,gjrGARCH,2,2,0,0,sstd,0.6379877837856319,-5810.465723996671,20.574000000000524
rt_ret,gjrGARCH,2,2,0,1,sstd,0.6379089092070825,-5807.447126733074,24.63300000000163
rt_ret,gjrGARCH,2,2,1,0,sstd,0.6668520548256884,-6072.088778696797,27.385000000002037
rt_ret,gjrGARCH,2,2,1,1,sstd,0.6350729164256705,-5779.218846457764,30.574000000000524
rt_ret,csGARCH,1,1,0,0,norm,0.7814433960041399,-7131.342017415945,2.779999999998836
rt_ret,csGARCH,1,1,0,1,norm,0.781694263826516,-7131.338310630952,4.352999999999156
rt_ret,csGARCH,1,1,1,0,norm,0.7816943563789712,-7131.339156884326,4.169999999998254
rt_ret,csGARCH,1,1,1,1,norm,0.7587978084238287,-6919.687081237604,5.516999999999825
rt_ret,csGARCH,1,2,0,0,norm,0.7817507379083694,-7131.8546813983785,3.6970000000001164
rt_ret,csGARCH,1,2,0,1,norm,0.782001613947408,-7131.85107704245,5.595000000001164
rt_ret,csGARCH,1,2,1,0,norm,0.7820017050653731,-7131.8519101795655,5.47700000000259
rt_ret,csGARCH,1,2,1,1,norm,0.7591047594711183,-6920.196226013665,6.955000000001746
rt_ret,csGARCH,2,1,0,0,norm,0.7809138260983504,-7124.20237826347,3.7190000000009604
rt_ret,csGARCH,2,1,0,1,norm,0.7811650374218078,-7124.201839580625,5.733000000000175
rt_ret,csGARCH,2,1,1,0,norm,0.7811650510630108,-7124.201964308965,5.381000000001222
rt_ret,csGARCH,2,1,1,1,norm,0.758523545063586,-6914.881892078393,6.825999999997293
rt_ret,csGARCH,2,2,0,0,norm,0.7811650967539812,-7124.202382084353,4.830999999998312
rt_ret,csGARCH,2,2,0,1,norm,0.7814163043972694,-7124.201837045927,6.17699999999968
rt_ret,csGARCH,2,2,1,0,norm,0.7814163172690654,-7124.201954739194,6.28099999999904
rt_ret,csGARCH,2,2,1,1,norm,0.7587748088135605,-6914.881887339536,7.981999999999971
rt_ret,csGARCH,1,1,0,0,std,0.6417319273436309,-5851.592686999693,5.63300000000163
rt_ret,csGARCH,1,1,0,1,std,0.6417864509706013,-5849.793734364019,7.872000000003027
rt_ret,csGARCH,1,1,1,0,std,0.6418186892734441,-5850.088505286061,7.6599999999998545
rt_ret,csGARCH,1,1,1,1,std,0.6388026486534263,-5820.213875752098,9.40599999999904
rt_ret,csGARCH,1,2,0,0,std,0.6420475106907262,-5852.180733914981,6.60399999999936
rt_ret,csGARCH,1,2,0,1,std,0.6421027080696785,-5850.3879690246,9.054000000000087
rt_ret,csGARCH,1,2,1,0,std,0.6421348365644276,-5850.681735916339,8.991000000001804
rt_ret,csGARCH,1,2,1,1,std,0.6391198447626999,-5820.816723540492,10.780000000002474
rt_ret,csGARCH,2,1,0,0,std,0.6407860669372287,-5840.646722954877,6.819999999999709
rt_ret,csGARCH,2,1,0,1,std,0.6408697575150126,-5839.1144856280125,9.302999999999884
rt_ret,csGARCH,2,1,1,0,std,0.640895178977066,-5839.346926766298,9.3279999999977
rt_ret,csGARCH,2,1,1,1,std,0.6380356340700012,-5810.903243071801,11.141999999999825
rt_ret,csGARCH,2,2,0,0,std,0.641016910214934,-5840.459976339744,8.336999999999534
rt_ret,csGARCH,2,2,0,1,std,0.6410999347743642,-5838.921676562144,11.049000000002707
rt_ret,csGARCH,2,2,1,0,std,0.6411254525990107,-5839.154998791799,11.108000000000175
rt_ret,csGARCH,2,2,1,1,std,0.6382398017978469,-5810.472643136728,12.902999999998428
rt_ret,csGARCH,1,1,0,0,snorm,0.7799874852065635,-7115.732380319416,3.7180000000007567
rt_ret,csGARCH,1,1,0,1,snorm,0.7802101998259596,-7115.471282022987,5.566000000002532
rt_ret,csGARCH,1,1,1,0,snorm,0.7802165957662899,-7115.529763303398,5.797000000002299
rt_ret,csGARCH,1,1,1,1,snorm,0.758447185474936,-6914.183698179571,7.412000000000262
rt_ret,csGARCH,1,2,0,0,snorm,0.7802948090103903,-7116.244906100829,4.74199999999837
rt_ret,csGARCH,1,2,0,1,snorm,0.7805176162354959,-7115.984681838751,6.721999999997934
rt_ret,csGARCH,1,2,1,0,snorm,0.7805239914652513,-7116.04297375202,6.830999999998312
rt_ret,csGARCH,1,2,1,1,snorm,0.7587539331712108,-6914.691010903711,8.538000000000466
rt_ret,csGARCH,2,1,0,0,snorm,0.7795202615762307,-7109.1628316365905,4.781999999999243
rt_ret,csGARCH,2,1,0,1,snorm,0.779748290174131,-7108.950348996662,6.99199999999837
rt_ret,csGARCH,2,1,1,0,snorm,0.7797532676003347,-7108.995860093155,7.205999999998312
rt_ret,csGARCH,2,1,1,1,snorm,0.7581924448208398,-6909.557042172094,8.656999999999243
rt_ret,csGARCH,2,2,0,0,snorm,0.7797715283105361,-7109.162826896882,5.755999999997584
rt_ret,csGARCH,2,2,0,1,snorm,0.7799995558905239,-7108.950362237751,8.098999999998341
rt_ret,csGARCH,2,2,1,0,snorm,0.7800045304137717,-7108.9958467910665,7.8289999999979045
rt_ret,csGARCH,2,2,1,1,snorm,0.7584437087570568,-6909.557066418263,9.318999999999505
rt_ret,csGARCH,1,1,0,0,sstd,0.6418232328241367,-5850.1300492418195,10.49199999999837
rt_ret,csGARCH,1,1,0,1,sstd,0.6419107510239203,-5848.632809776709,13.187000000001717
rt_ret,csGARCH,1,1,1,0,sstd,0.6419381500145213,-5848.88333244727,13.086999999999534
rt_ret,csGARCH,1,1,1,1,sstd,0.638937927427061,-5819.153362382078,15.695999999999913
rt_ret,csGARCH,1,2,0,0,sstd,0.6421388177542103,-5850.718137925117,12.130999999997584
rt_ret,csGARCH,1,2,0,1,sstd,0.6422269571553507,-5849.2266057026945,15.129000000000815
rt_ret,csGARCH,1,2,1,0,sstd,0.6422542459818703,-5849.476121087976,16.058000000000902
rt_ret,csGARCH,1,2,1,1,sstd,0.6392551041140765,-5819.7560598651735,18.18999999999869
rt_ret,csGARCH,2,1,0,0,sstd,0.6408453973171788,-5838.891748159119,11.84100000000035
rt_ret,csGARCH,2,1,0,1,sstd,0.6409622052895138,-5837.662347017414,15.391999999999825
rt_ret,csGARCH,2,1,1,0,sstd,0.6409830489391596,-5837.852930927951,16.206999999998516
rt_ret,csGARCH,2,1,1,1,sstd,0.6381499278559767,-5809.650880749237,17.5570000000007
rt_ret,csGARCH,2,2,0,0,sstd,0.6410745538953128,-5838.689606494537,14.025000000001455
rt_ret,csGARCH,2,2,0,1,sstd,0.6411907515866406,-5837.454652530563,18.019000000000233
rt_ret,csGARCH,2,2,1,0,sstd,0.6412117502754324,-5837.646654041531,17.730999999999767
rt_ret,csGARCH,2,2,1,1,sstd,0.6383509174689797,-5809.191248997259,21.037000000000262
da_ret,sGARCH,1,1,0,0,norm,-0.5273584480684543,4831.092528500136,1.7099999999991269
da_ret,sGARCH,1,1,0,1,norm,-0.8258946903309322,7563.05623096392,2.5170000000034634
da_ret,sGARCH,1,1,1,0,norm,-0.853287368002436,7813.521179253315,2.5460000000020955
da_ret,sGARCH,1,1,1,1,norm,-0.8646036228867584,7919.288899812985,3.375
da_ret,sGARCH,1,2,0,0,norm,-0.6171099736548211,5654.033174035898,3.463999999999942
da_ret,sGARCH,1,2,0,1,norm,-0.8330586366145628,7630.8573178331635,3.629000000000815
da_ret,sGARCH,1,2,1,0,norm,-0.9387472370113003,8597.221035560733,4.452999999997701
da_ret,sGARCH,1,2,1,1,norm,-0.9438885310492804,8646.527974315892,5.0349999999998545
da_ret,sGARCH,2,1,0,0,norm,-0.5271057786157995,4831.079816696604,2.106999999999971
da_ret,sGARCH,2,1,0,1,norm,-0.8256475281056757,7563.093847182155,3.368000000002212
da_ret,sGARCH,2,1,1,0,norm,-0.8530507725014411,7813.655412314836,3.478000000002794
da_ret,sGARCH,2,1,1,1,norm,-0.8643646201765526,7919.401095251105,3.9989999999997963
da_ret,sGARCH,2,2,0,0,norm,-0.6168586959960191,5654.03316078751,3.588999999999942
da_ret,sGARCH,2,2,0,1,norm,-0.832807361872184,7630.857303945111,4.042999999997846
da_ret,sGARCH,2,2,1,0,norm,-0.9402249053506558,8613.029612740518,5.351999999998952
da_ret,sGARCH,2,2,1,1,norm,-0.944969752009406,8658.711607583678,6.355999999999767
da_ret,sGARCH,1,1,0,0,std,-0.6234572233683029,5712.069251791118,3.444999999999709
da_ret,sGARCH,1,1,0,1,std,-0.946254577229263,8665.864400843675,5.0349999999998545
da_ret,sGARCH,1,1,1,0,std,-1.0085103825598754,9235.10035688413,5.032999999999447
da_ret,sGARCH,1,1,1,1,std,-1.0168723110366136,9313.855166630074,6.372000000003027
da_ret,sGARCH,1,2,0,0,std,-0.744433382205597,6820.512304144785,6.35399999999936
da_ret,sGARCH,1,2,0,1,std,-1.0199568264307348,9342.058433136222,8.13300000000163
da_ret,sGARCH,1,2,1,0,std,-1.12117968310844,10267.589623168818,7.403000000002066
da_ret,sGARCH,1,2,1,1,std,-1.1223694332851653,10280.765593328582,9.388000000002648
da_ret,sGARCH,2,1,0,0,std,-0.6231978322022397,5711.995052689087,4.030000000002474
da_ret,sGARCH,2,1,0,1,std,-0.9459912667952791,8665.754338609431,6.1599999999998545
da_ret,sGARCH,2,1,1,0,std,-1.0082365774780513,9234.89433683736,5.884999999998399
da_ret,sGARCH,2,1,1,1,std,-1.0165989442932621,9313.653127231117,7.110000000000582
da_ret,sGARCH,2,2,0,0,std,-0.7436955570835359,6816.063516860107,7.418000000001484
da_ret,sGARCH,2,2,0,1,std,-1.0228261971860488,9370.592014056312,9.413999999997031
da_ret,sGARCH,2,2,1,0,std,-1.1226664322354518,10283.481203230529,9.481999999999971
da_ret,sGARCH,2,2,1,1,std,-1.123504854297661,10293.444777481169,10.25499999999738
da_ret,sGARCH,1,1,0,0,snorm,-0.5525546961607278,5063.771994268656,2.3810000000012224
da_ret,sGARCH,1,1,0,1,snorm,-0.8382423462236318,7678.254566643686,3.514999999999418
da_ret,sGARCH,1,1,1,0,snorm,-0.9603799748886619,8795.01997434239,4.9650000000001455
da_ret,sGARCH,1,1,1,1,snorm,-0.9626366785160896,8817.951660678662,6.211999999999534
da_ret,sGARCH,1,2,0,0,snorm,-0.6533067637015962,5987.296067853455,3.861000000000786
da_ret,sGARCH,1,2,0,1,snorm,-0.8956753594268683,8205.690839586367,5.636999999998807
da_ret,sGARCH,1,2,1,0,snorm,-0.9601762090938064,8795.454358516015,5.391999999999825
da_ret,sGARCH,1,2,1,1,snorm,-0.9624287179057429,8818.347662256834,6.251000000000204
da_ret,sGARCH,2,1,0,0,snorm,-0.5523021360815357,5063.76025520943,2.9019999999982247
da_ret,sGARCH,2,1,0,1,snorm,-0.8379957141188831,7678.297002712804,4.306000000000495
da_ret,sGARCH,2,1,1,0,snorm,-0.9631580237398639,8822.718580732242,5.64600000000064
da_ret,sGARCH,2,1,1,1,snorm,-0.9646634358708177,8838.780805970497,7.363999999997759
da_ret,sGARCH,2,2,0,0,snorm,-0.6530555016404147,5987.296169915929,4.555000000000291
da_ret,sGARCH,2,2,0,1,snorm,-0.8976679175978195,8226.207284641338,6.811999999998079
da_ret,sGARCH,2,2,1,0,snorm,-0.9629067519176409,8822.718566244623,6.330999999998312
da_ret,sGARCH,2,2,1,1,snorm,-0.964412166836776,8838.780789682567,8.133999999998196
da_ret,sGARCH,1,1,0,0,sstd,-0.6435026826633322,5897.652452880087,6.798999999999069
da_ret,sGARCH,1,1,0,1,sstd,-0.9520013692398401,8720.707710311275,9.401999999998225
da_ret,sGARCH,1,1,1,0,sstd,-1.0087800545189607,9239.863619160915,9.569999999999709
da_ret,sGARCH,1,1,1,1,sstd,-1.0168980787400383,9316.388263045215,10.559999999997672
da_ret,sGARCH,1,2,0,0,sstd,-0.765969290784425,7019.723400954187,12.145000000000437
da_ret,sGARCH,1,2,0,1,sstd,-1.0298906758761894,9435.186074959613,13.105999999999767
da_ret,sGARCH,1,2,1,0,sstd,-1.1250133414334214,10304.940167482164,11.902999999998428
da_ret,sGARCH,1,2,1,1,sstd,-1.1255223325652588,10311.891590020949,16.415000000000873
da_ret,sGARCH,2,1,0,0,sstd,-0.6432435314858828,5897.580420807966,7.85200000000259
da_ret,sGARCH,2,1,0,1,sstd,-0.9517392424259015,8720.608443206904,10.12000000000262
da_ret,sGARCH,2,1,1,0,sstd,-1.0085073111980873,9239.667280025387,11.262000000002445
da_ret,sGARCH,2,1,1,1,sstd,-1.016625402032548,9316.192505695108,12.277000000001863
da_ret,sGARCH,2,2,0,0,sstd,-0.7666255585710533,7028.0214748801,13.835000000002765
da_ret,sGARCH,2,2,0,1,sstd,-1.0328369906258783,9464.423165998223,16.135000000002037
da_ret,sGARCH,2,2,1,0,sstd,-1.1266470177701111,10322.175149191517,15.342000000000553
da_ret,sGARCH,2,2,1,1,sstd,-1.1268338882991276,10326.181234710328,18.440999999998894
da_ret,eGARCH,1,1,0,0,norm,-0.5902498001292573,5408.437177404905,2.492999999998574
da_ret,eGARCH,1,1,0,1,norm,-0.8886097049489908,8138.788511149007,4.048999999999069
da_ret,eGARCH,1,1,1,0,norm,-0.9776591899084182,8953.01247687553,3.8139999999984866
da_ret,eGARCH,1,1,1,1,norm,-0.9807763856549325,8983.812072902672,4.810999999997875
da_ret,eGARCH,1,2,0,0,norm,-0.5922540176012207,5429.06028388467,3.6700000000018917
da_ret,eGARCH,1,2,0,1,norm,-0.8952667495480928,8201.954715159784,4.848000000001775
da_ret,eGARCH,1,2,1,0,norm,-0.9925780938550234,9091.720991830203,4.972000000001572
da_ret,eGARCH,1,2,1,1,norm,-0.9944967257827853,9111.56149228057,5.902999999998428
da_ret,eGARCH,2,1,0,0,norm,-0.7231018576490968,6627.765026081313,3.833999999998923
da_ret,eGARCH,2,1,0,1,norm,-0.9554540708284338,8754.574976705459,5.938999999998487
da_ret,eGARCH,2,1,1,0,norm,-0.9799407348717932,8978.468789385915,6.488999999997759
da_ret,eGARCH,2,1,1,1,norm,-0.9949755122985261,9118.2367389120791,7.691999999999098
da_ret,eGARCH,2,2,0,0,norm,-0.7421484639121727,6804.215159866626,4.82499999999709
da_ret,eGARCH,2,2,0,1,norm,-0.9752264782133241,8937.661445754035,7.013999999999214
da_ret,eGARCH,2,2,1,0,norm,-0.9993362153309571,9158.108827089112,6.516999999999825
da_ret,eGARCH,2,2,1,1,norm,-1.0170087512609438,9321.995094201695,8.069999999999709
da_ret,eGARCH,1,1,0,0,std,-0.7712151929006601,7065.391790235094,6.324000000000524
da_ret,eGARCH,1,1,0,1,std,-1.0402420415528402,9527.536297605191,7.02299999999741
da_ret,eGARCH,1,1,1,0,std,-1.1529023591126297,10557.645911213127,6.333999999998923
da_ret,eGARCH,1,1,1,1,std,-1.154347160772429,10573.153944608379,7.951000000000931
da_ret,eGARCH,1,2,0,0,std,-0.7723980707313012,7078.504950398449,6.6230000000032305
da_ret,eGARCH,1,2,0,1,std,-1.0476623456267837,9597.681337324171,8.582000000002154
da_ret,eGARCH,1,2,1,0,std,-1.1678499307167125,10696.616521593936,8.945999999999913
da_ret,eGARCH,1,2,1,1,std,-1.1686251466393067,10706.002170507007,9.893000000000029
da_ret,eGARCH,2,1,0,0,std,-0.7816941892632725,7165.801499614406,6.5
da_ret,eGARCH,2,1,0,1,std,-1.0551910794812336,9668.817777447164,12.010000000002037
da_ret,eGARCH,2,1,1,0,std,-1.170529984409757,10723.419054661119,11.565000000002328
da_ret,eGARCH,2,1,1,1,std,-1.1715374522672206,10734.928271852586,12.781999999999243
da_ret,eGARCH,2,2,0,0,std,-0.8032075300663647,7364.806193372311,8.829000000001543
da_ret,eGARCH,2,2,0,1,std,-1.063807037176771,9749.89522147306,11.619000000002416
da_ret,eGARCH,2,2,1,0,std,-1.167678559800476,10699.644488582908,11.757000000001426
da_ret,eGARCH,2,2,1,1,std,-1.1687967359292322,10712.165939570817,13.382000000001426
da_ret,eGARCH,1,1,0,0,snorm,-0.6171512178664056,5656.707834509389,3.907999999999447
da_ret,eGARCH,1,1,0,1,snorm,-0.9042597844662951,8284.182529934365,5.696999999996478
da_ret,eGARCH,1,1,1,0,snorm,-0.9951838623297372,9115.54683587875,5.472000000001572
da_ret,eGARCH,1,1,1,1,snorm,-0.9966763715664604,9131.491083503604,6.379000000000815
da_ret,eGARCH,1,2,0,0,snorm,-0.6665646813241708,6110.817354354353,5.1270000000004075
da_ret,eGARCH,1,2,0,1,snorm,-0.90811942898535,8321.770679013222,6.941999999999098
da_ret,eGARCH,1,2,1,0,snorm,-1.0085925014301078,9240.446216911865,7.05199999999968
da_ret,eGARCH,1,2,1,1,snorm,-1.0093377626183038,9249.557974710966,8.810999999997875
da_ret,eGARCH,2,1,0,0,snorm,-0.7268985374620274,6664.777457369722,5.486000000000786
da_ret,eGARCH,2,1,0,1,snorm,-0.9606341306358159,8804.236315679089,7.536000000000058
da_ret,eGARCH,2,1,1,0,snorm,-0.9807450852548183,8988.120829237936,9.471999999997934
da_ret,eGARCH,2,1,1,1,snorm,-0.9905155854424618,9079.754832540404,8.822000000000116
da_ret,eGARCH,2,2,0,0,snorm,-0.7463613640976137,6845.033274837036,6.933999999997468
da_ret,eGARCH,2,2,0,1,snorm,-0.9818754267557263,9000.753541588238,9.222000000001572
da_ret,eGARCH,2,2,1,0,snorm,-1.012756390318692,9283.113631926215,9.440999999998894
da_ret,eGARCH,2,2,1,1,snorm,-1.0222799984477204,9372.490150408616,10.75
da_ret,eGARCH,1,1,0,0,sstd,-0.7867784732389036,7209.9921607267115,9.53099999999904
da_ret,eGARCH,1,1,0,1,sstd,-1.0451956145346937,9575.126781583647,11.292999999997846
da_ret,eGARCH,1,1,1,0,sstd,-1.1548537388400923,10577.785841170058,11.868999999998778
da_ret,eGARCH,1,1,1,1,sstd,-1.1559035635412072,10589.682375449533,13.987999999997555
da_ret,eGARCH,1,2,0,0,sstd,-0.7871018298969996,7215.246261748891,10.941999999999098
da_ret,eGARCH,1,2,0,1,sstd,-1.051412366494913,9634.267115256744,14.317999999999302
da_ret,eGARCH,1,2,1,0,sstd,-1.169389812279783,10712.993890790702,14.302999999999884
da_ret,eGARCH,1,2,1,1,sstd,-1.1698863485496005,10719.831405010527,16.945999999999913
da_ret,eGARCH,2,1,0,0,sstd,-0.7921168780475512,7263.39881663829,15.988000000001193
da_ret,eGARCH,2,1,0,1,sstd,-1.0610156950479492,9724.37258471818,19.088999999999942
da_ret,eGARCH,2,1,1,0,sstd,-1.1725362803398272,10744.061056334465,19.00500000000102
da_ret,eGARCH,2,1,1,1,sstd,-1.1733426387780432,10753.731402268922,21.64099999999962
da_ret,eGARCH,2,2,0,0,sstd,-0.8096826528316172,7426.308913213147,14.96099999999933
da_ret,eGARCH,2,2,0,1,sstd,-1.0695389070105032,9804.60198085242,18.2599999999984
da_ret,eGARCH,2,2,1,0,sstd,-1.1694511560547587,10718.149629988571,18.618999999998778
da_ret,eGARCH,2,2,1,1,sstd,-1.1702653353649592,10727.89145878986,22.18699999999808
da_ret,gjrGARCH,1,1,0,0,norm,-0.5722682507931042,5244.022881049789,2.8189999999995052
da_ret,gjrGARCH,1,1,0,1,norm,-0.8389620651378807,7684.835316536121,4.058999999997468
da_ret,gjrGARCH,1,1,1,0,norm,-0.8554443196406658,7835.540810582336,3.8179999999993015
da_ret,gjrGARCH,1,1,1,1,norm,-0.8675180251119282,7948.234253277712,4.82300000000032
da_ret,gjrGARCH,1,2,0,0,norm,-0.6192331705681047,5675.744169037374,4.542000000001281
da_ret,gjrGARCH,1,2,0,1,norm,-0.840134853428457,7697.8562229898935,5.181000000000495
da_ret,gjrGARCH,1,2,1,0,norm,-0.9693474448771101,8879.311552900654,6.664000000000669
da_ret,gjrGARCH,1,2,1,1,norm,-0.9734192979403886,8918.840030803618,7.669000000001688
da_ret,gjrGARCH,2,1,0,0,norm,-0.571761466148104,5243.984156391985,4.703000000001339
da_ret,gjrGARCH,2,1,0,1,norm,-0.9009672931784114,8256.375125262479,8.270000000000437
da_ret,gjrGARCH,2,1,1,0,norm,-0.8550117996501776,7836.181070187074,5.93999999999869
da_ret,gjrGARCH,2,1,1,1,norm,-0.8673546248582099,7951.335154601547,7.325000000000728
da_ret,gjrGARCH,2,2,0,0,norm,-0.6344063801705724,5819.075417175302,6.914000000000669
da_ret,gjrGARCH,2,2,0,1,norm,-0.9007160356152083,8256.375213858162,9.108000000000175
da_ret,gjrGARCH,2,2,1,0,norm,-0.9729127195129955,8916.50559307758,10.329000000001543
da_ret,gjrGARCH,2,2,1,1,norm,-0.9765236033486016,8951.819144265193,12.004000000000815
da_ret,gjrGARCH,1,1,0,0,std,-0.7456816709023595,6831.926031843633,7.136999999998807
da_ret,gjrGARCH,1,1,0,1,std,-0.9470543076257908,8675.474252443215,7.352999999999156
da_ret,gjrGARCH,1,1,1,0,std,-1.1185033698953344,10243.118753304787,9.731999999999971
da_ret,gjrGARCH,1,1,1,1,std,-1.1486899865634723,10521.427572228784,12.75800000000163
da_ret,gjrGARCH,1,2,0,0,std,-0.7454854997785887,6832.429857892323,7.194000000003143
da_ret,gjrGARCH,1,2,0,1,std,-1.029060708264415,9427.597266101353,12.048999999999069
da_ret,gjrGARCH,1,2,1,0,std,-1.1456292000093016,10493.441270370724,11.427999999999884
da_ret,gjrGARCH,1,2,1,1,std,-1.1484399953777318,10521.439239946796,11.611999999997352
da_ret,gjrGARCH,2,1,0,0,std,-0.6620483559264188,6071.819822498885,8.712999999999738
da_ret,gjrGARCH,2,1,0,1,std,-0.9465303781095248,8675.278654454945,10.149999999997817
da_ret,gjrGARCH,2,1,1,0,std,-1.1519786455096468,10553.794887427961,15.748999999999796
da_ret,gjrGARCH,2,1,1,1,std,-1.1534374733936676,10569.431115022255,15.746999999999389
da_ret,gjrGARCH,2,2,0,0,std,-0.7476521014794375,6856.835132087742,12.518000000000029
da_ret,gjrGARCH,2,2,0,1,std,-1.044341239392802,9571.90969943534,14.938999999998487
da_ret,gjrGARCH,2,2,1,0,std,-1.1517278855470419,10553.799498546632,16.162000000000262
da_ret,gjrGARCH,2,2,1,1,std,-1.1531875633506086,10569.443470098173,17.920999999998457
da_ret,gjrGARCH,1,1,0,0,snorm,-0.6539174990912086,5992.880326888374,5.329999999998108
da_ret,gjrGARCH,1,1,0,1,snorm,-0.8484252714648661,7773.659660305801,5.628000000000611
da_ret,gjrGARCH,1,1,1,0,snorm,-0.8622987749270439,7900.512039212223,5.461999999999534
da_ret,gjrGARCH,1,1,1,1,snorm,-0.8727562563625488,7998.427510136639,6.971999999997934
da_ret,gjrGARCH,1,2,0,0,snorm,-0.6537058760473872,5993.242868306082,6.341000000000349
da_ret,gjrGARCH,1,2,0,1,snorm,-0.896209209596293,8212.86958802938,8.824000000000524
da_ret,gjrGARCH,1,2,1,0,snorm,-0.9848883576139333,9023.707377928673,8.333999999998923
da_ret,gjrGARCH,1,2,1,1,snorm,-0.9873518825639387,9048.530080433879,10.097999999998137
da_ret,gjrGARCH,2,1,0,0,snorm,-0.6149895834512262,5641.537936371962,7.184999999997672
da_ret,gjrGARCH,2,1,0,1,snorm,-0.9224763430246828,8455.340584656693,11.243999999998778
da_ret,gjrGARCH,2,1,1,0,snorm,-0.8618510676894979,7901.013379629429,8.002000000000407
da_ret,gjrGARCH,2,1,1,1,snorm,-0.8723563882102157,7999.366212647362,9.662000000000262
da_ret,gjrGARCH,2,2,0,0,snorm,-0.6165974144193423,5658.536600953762,8.913000000000466
da_ret,gjrGARCH,2,2,0,1,snorm,-0.9222378925124084,8455.45774723446,12.069000000003143
da_ret,gjrGARCH,2,2,1,0,snorm,-0.990028270157386,9075.299065231315,12.939000000002125
da_ret,gjrGARCH,2,2,1,1,snorm,-0.9917291868946342,9093.148804972972,15.451000000000931
da_ret,gjrGARCH,1,1,0,0,sstd,-0.7665130657911859,7024.695407728505,12.49800000000323
da_ret,gjrGARCH,1,1,0,1,sstd,-0.9523452740096163,8726.149692992602,12.256000000001222
da_ret,gjrGARCH,1,1,1,0,sstd,-1.148221933379709,10517.147927943044,15.787000000000262
da_ret,gjrGARCH,1,1,1,1,sstd,-1.1504302846059493,10539.637449505002,18.936000000001513
da_ret,gjrGARCH,1,2,0,0,sstd,-0.7663245942409089,7025.269607527424,13.974000000001979
da_ret,gjrGARCH,1,2,0,1,sstd,-1.0348613511911593,9482.93290682687,18.265000000003056
da_ret,gjrGARCH,1,2,1,0,sstd,-1.147975987578263,10517.196584632353,16.50800000000163
da_ret,gjrGARCH,1,2,1,1,sstd,-1.1501812679654364,10539.658000689222,19.70300000000134
da_ret,gjrGARCH,2,1,0,0,sstd,-0.7677417124962683,7040.5244904201345,22.718999999997322
da_ret,gjrGARCH,2,1,0,1,sstd,-0.952018534563846,8727.757047831781,16.56000000000131
da_ret,gjrGARCH,2,1,1,0,sstd,-1.1549229562776981,10583.013627772389,24.108000000000175
da_ret,gjrGARCH,2,1,1,1,sstd,-1.146061987983407,10504.290771728167,37.03399999999965
da_ret,gjrGARCH,2,2,0,0,sstd,-0.7659688182981308,7026.611467156214,24.287999999996828
da_ret,gjrGARCH,2,2,0,1,sstd,-1.0513114390637448,9637.939127681235,24.840000000000146
da_ret,gjrGARCH,2,2,1,0,sstd,-1.1546716905792385,10583.01358741315,25.60899999999674
da_ret,gjrGARCH,2,2,1,1,sstd,-1.1555288362418956,10593.148279058129,28.991000000001804
da_ret,csGARCH,1,1,0,0,norm,-0.6357170916601975,5826.464901542925,3.375
da_ret,csGARCH,1,1,0,1,norm,-0.8849304680555149,8107.444925332397,4.4689999999973224
da_ret,csGARCH,1,1,1,0,norm,-0.9506308391441828,8708.176268381632,4.224000000001979
da_ret,csGARCH,1,1,1,1,norm,-0.9553188640346828,8753.338713386796,5.618000000002212
da_ret,csGARCH,1,2,0,0,norm,-0.6354452811372647,5826.277118745377,3.67699999999968
da_ret,csGARCH,1,2,0,1,norm,-0.8846620593902463,8107.288220120392,5.566999999999098
da_ret,csGARCH,1,2,1,0,norm,-0.9503700991857611,8708.089681990681,5.395999999997002
da_ret,csGARCH,1,2,1,1,norm,-0.9550586700381264,8753.257091704114,6.546999999998661
da_ret,csGARCH,2,1,0,0,norm,-0.6355120754117659,5826.887852194279,3.503000000000611
da_ret,csGARCH,2,1,0,1,norm,-0.8866818747127374,8125.7564015215885,5.336999999999534
da_ret,csGARCH,2,1,1,0,norm,-0.9535512851476342,8737.176855833068,5.457999999998719
da_ret,csGARCH,2,1,1,1,norm,-0.9574987192482026,8775.567681656446,6.408999999999651
da_ret,csGARCH,2,2,0,0,norm,-0.6352607984928369,5826.887791104928,4.438999999998487
da_ret,csGARCH,2,2,0,1,norm,-0.8864306042523205,8125.756372191598,6.029999999998836
da_ret,csGARCH,2,2,1,0,norm,-0.9533000170756672,8737.17684834187,6.540999999997439
da_ret,csGARCH,2,2,1,1,norm,-0.9572474563705814,8775.567694371666,7.614000000001397
da_ret,csGARCH,1,1,0,0,std,-0.7455787108754323,6833.282133556311,6.597000000001572
da_ret,csGARCH,1,1,0,1,std,-1.0216472042150886,9359.811891826337,7.664999999997235
da_ret,csGARCH,1,1,1,0,std,-1.1216179793483327,10273.894674257155,9.775000000001455
da_ret,csGARCH,1,1,1,1,std,-1.122897424289098,10287.890741197873,10.682000000000698
da_ret,csGARCH,1,2,0,0,std,-0.7452336552160734,6832.424606553841,7.3989999999976135
da_ret,csGARCH,1,2,0,1,std,-1.021355368766726,9359.440956529064,9.199000000000524
da_ret,csGARCH,1,2,1,0,std,-1.1212344240440923,10272.685098457663,10.578000000001339
da_ret,csGARCH,1,2,1,1,std,-1.122532017172006,10286.84707605949,11.647000000000844
da_ret,csGARCH,2,1,0,0,std,-0.7459573018304146,6839.04126937207,8.218000000000757
da_ret,csGARCH,2,1,0,1,std,-1.0244551915374542,9387.78418603322,9.61200000000099
da_ret,csGARCH,2,1,1,0,std,-1.1235718083216324,10294.056971599352,11.18699999999808
da_ret,csGARCH,2,1,1,1,std,-1.1243290339819023,10303.278099260779,12.08599999999933
da_ret,csGARCH,2,2,0,0,std,-0.7456644639437087,6838.661168279806,9.643000000000029
da_ret,csGARCH,2,2,0,1,std,-1.0242039219905563,9387.784137767907,10.348000000001775
da_ret,csGARCH,2,2,1,0,std,-1.1233461737646069,10294.291316863939,14.004000000000815
da_ret,csGARCH,2,2,1,1,std,-1.1240968710026322,10303.452724614452,15.575000000000728
da_ret,csGARCH,1,1,0,0,snorm,-0.6668696166603811,6113.605530600992,4.041000000001077
da_ret,csGARCH,1,1,0,1,snorm,-0.9066012756239485,8307.889443753247,5.63300000000163
da_ret,csGARCH,1,1,1,0,snorm,-0.9710274294314496,8896.969981092134,5.815999999998894
da_ret,csGARCH,1,1,1,1,snorm,-0.973290185986502,8919.956957778086,7.258999999998196
da_ret,csGARCH,1,2,0,0,snorm,-0.6665958392798768,6113.399736541227,4.731999999999971
da_ret,csGARCH,1,2,0,1,snorm,-0.9063313872886548,8307.71918188432,6.691000000002532
da_ret,csGARCH,1,2,1,0,snorm,-0.9707653219845495,8896.870863776234,6.6490000000012515
da_ret,csGARCH,1,2,1,1,snorm,-0.973028728213474,8919.863753467154,8.288000000000466
da_ret,csGARCH,2,1,0,0,snorm,-0.6671020991888856,6118.028724019249,4.897000000000844
da_ret,csGARCH,2,1,0,1,snorm,-0.9094724946410049,8336.439896960534,6.808000000000902
da_ret,csGARCH,2,1,1,0,snorm,-0.9756330010296342,8941.378487124966,7.039000000000669
da_ret,csGARCH,2,1,1,1,snorm,-0.9768467128169085,8954.773495688658,8.090000000000146
da_ret,csGARCH,2,2,0,0,snorm,-0.6668508293232281,6118.028700127442,5.598999999998341
da_ret,csGARCH,2,2,0,1,snorm,-0.9092210889232901,8336.438603617358,7.508999999998196
da_ret,csGARCH,2,2,1,0,snorm,-0.975381734429506,8941.378465803444,7.99199999999837
da_ret,csGARCH,2,2,1,1,snorm,-0.9765957951983835,8954.776637998304,9.514999999999418
da_ret,csGARCH,1,1,0,0,sstd,-0.7674947352799337,7035.968792117749,11.640999999999622
da_ret,csGARCH,1,1,0,1,sstd,-1.0317404954597247,9454.397362446498,12.827000000001135
da_ret,csGARCH,1,1,1,0,sstd,-1.1254961072952312,10311.651799264451,16.252000000000407
da_ret,csGARCH,1,1,1,1,sstd,-1.1260674906865304,10319.173678139547,17.575000000000728
da_ret,csGARCH,1,2,0,0,sstd,-0.7671414828928512,7035.0362910412905,13.729999999999563
da_ret,csGARCH,1,2,0,1,sstd,-1.0314457762047764,9454.000031775628,15.128000000000611
da_ret,csGARCH,1,2,1,0,sstd,-1.1251181056816082,10310.492976347039,17.22399999999834
da_ret,csGARCH,1,2,1,1,sstd,-1.125701125886855,10318.121229148343,19.513999999999214
da_ret,csGARCH,2,1,0,0,sstd,-0.7684650175157672,7047.138029865923,15.501000000000204
da_ret,csGARCH,2,1,0,1,sstd,-1.034683910160576,9483.607909600481,16.759000000001834
da_ret,csGARCH,2,1,1,0,sstd,-1.1274692312562853,10331.990493039099,18.449000000000524
da_ret,csGARCH,2,1,1,1,sstd,-1.127590766684577,10335.399159782315,21.572000000000116
da_ret,csGARCH,2,2,0,0,sstd,-0.768213742494059,7047.137931541683,17.284999999999854
da_ret,csGARCH,2,2,0,1,sstd,-1.0344326488843305,9483.60790967576,17.889999999999418
da_ret,csGARCH,2,2,1,0,sstd,-1.1272024838938288,10331.848896085108,22.038000000000466
da_ret,csGARCH,2,2,1,1,sstd,-1.1273420204892117,10335.422129223463,23.102999999999156
rt_diff,sGARCH,1,1,0,0,norm,8.089613589374048,-73958.19129585539,2.120999999999185
rt_diff,sGARCH,1,1,0,1,norm,8.087750553916957,-73938.85905981665,3.305000000000291
rt_diff,sGARCH,1,1,1,0,norm,8.088413669060772,-73944.92225313414,3.485000000000582
rt_diff,sGARCH,1,1,1,1,norm,8.008655864315054,-73213.35922141679,4.402999999998428
rt_diff,sGARCH,1,2,0,0,norm,8.089854983968337,-73958.10091599145,2.5560000000004948
rt_diff,sGARCH,1,2,0,1,norm,8.085792985555928,-73918.66248948271,3.2190000000009604
rt_diff,sGARCH,1,2,1,0,norm,8.088873971959396,-73946.83348866283,3.4939999999987776
rt_diff,sGARCH,1,2,1,1,norm,8.004766018202139,-73175.49489676446,4.480999999999767
rt_diff,sGARCH,2,1,0,0,norm,8.089914316871592,-73958.64342639237,2.6020000000025902
rt_diff,sGARCH,2,1,0,1,norm,8.08805067091531,-73939.30563556623,4.137000000002445
rt_diff,sGARCH,2,1,1,0,norm,8.088711717147964,-73945.34991179449,4.097000000001572
rt_diff,sGARCH,2,1,1,1,norm,8.008944827210936,-73213.70383693639,5.462999999999738
rt_diff,sGARCH,2,2,0,0,norm,8.09010626784803,-73958.10098612055,3.0829999999987194
rt_diff,sGARCH,2,2,0,1,norm,8.08604424463859,-73918.66236018615,4.429000000000087
rt_diff,sGARCH,2,2,1,0,norm,8.089126538550229,-73946.84531456721,4.047999999998865
rt_diff,sGARCH,2,2,1,1,norm,8.005017354700424,-73175.49550261765,5.261999999998807
rt_diff,sGARCH,1,1,0,0,std,7.868290512028947,-71932.22616681363,3.132999999997992
rt_diff,sGARCH,1,1,0,1,std,7.867616229134141,-71923.76331714011,5.202999999997701
rt_diff,sGARCH,1,1,1,0,std,7.867808346537354,-71925.51994261639,4.532999999999447
rt_diff,sGARCH,1,1,1,1,std,7.781545186364036,-71134.47522085276,7.005999999997584
rt_diff,sGARCH,1,2,0,0,std,7.868599501495529,-71932.75386797645,4.403999999998632
rt_diff,sGARCH,1,2,0,1,std,7.8679237497536265,-71924.27761520549,5.956999999998516
rt_diff,sGARCH,1,2,1,0,std,7.8681161553425705,-71926.036875708,5.6709999999984575
rt_diff,sGARCH,1,2,1,1,std,7.781849788685266,-71134.96286275805,8.547999999998865
rt_diff,sGARCH,2,1,0,0,std,7.866346685105945,-71912.15524131831,4.876000000000204
rt_diff,sGARCH,2,1,0,1,std,7.86568211771213,-71903.78125263407,6.183999999997468
rt_diff,sGARCH,2,1,1,0,std,7.865847561053701,-71905.29398382772,6.098999999998341
rt_diff,sGARCH,2,1,1,1,std,7.781230972796017,-71129.3047196747,8.638999999999214
rt_diff,sGARCH,2,2,0,0,std,7.8665978882453365,-71912.15460050444,4.888999999999214
rt_diff,sGARCH,2,2,0,1,std,7.865933075734159,-71903.7783978896,7.465999999996711
rt_diff,sGARCH,2,2,1,0,std,7.8660991348226394,-71905.29675916512,6.813000000001921
rt_diff,sGARCH,2,2,1,1,std,7.781482200990179,-71129.30436254319,9.084000000002561
rt_diff,sGARCH,1,1,0,0,snorm,8.059669572177736,-73682.1006032841,2.411000000000058
rt_diff,sGARCH,1,1,0,1,snorm,8.048249892217004,-73575.38721553827,3.8629999999975553
rt_diff,sGARCH,1,1,1,0,snorm,8.05317749521981,-73620.44275359441,3.6229999999995925
rt_diff,sGARCH,1,1,1,1,snorm,7.889760762592407,-72123.94434209687,5.592000000000553
rt_diff,sGARCH,1,2,0,0,snorm,8.059926043264884,-73682.14810264455,3.319999999999709
rt_diff,sGARCH,1,2,0,1,snorm,8.045464224510239,-73547.61894614257,4.5679999999993015
rt_diff,sGARCH,1,2,1,0,snorm,8.053053465620879,-73617.0111722377,4.933999999997468
rt_diff,sGARCH,1,2,1,1,snorm,7.889767826386293,-72121.71144047739,6.251000000000204
rt_diff,sGARCH,2,1,0,0,snorm,8.059977687234808,-73682.62030928355,3.3209999999999127
rt_diff,sGARCH,2,1,0,1,snorm,8.048542294700486,-73575.76328092709,4.717000000000553
rt_diff,sGARCH,2,1,1,0,snorm,8.053480966878464,-73620.92002998643,4.398000000001048
rt_diff,sGARCH,2,1,1,1,snorm,7.890062089245587,-72124.40203293135,6.283999999999651
rt_diff,sGARCH,2,2,0,0,snorm,8.060177138459677,-73682.14647483926,3.9530000000013388
rt_diff,sGARCH,2,2,0,1,snorm,8.045715483387315,-73547.61884226625,5.197000000000116
rt_diff,sGARCH,2,2,1,0,snorm,8.053304745560212,-73617.01126094413,5.585000000002765
rt_diff,sGARCH,2,2,1,1,snorm,7.890019105356616,-72121.71154761771,7.793000000001484
rt_diff,sGARCH,1,1,0,0,sstd,7.860470342761554,-71858.42490509235,6.027000000001863
rt_diff,sGARCH,1,1,0,1,sstd,7.856838719759577,-71822.9216434549,8.567000000002736
rt_diff,sGARCH,1,1,1,0,sstd,7.857885526145197,-71832.49311764182,8.273000000001048
rt_diff,sGARCH,1,1,1,1,sstd,7.735069269136937,-70707.22518226791,12.159999999999854
rt_diff,sGARCH,1,2,0,0,sstd,7.8607852833366945,-71859.00704752227,7.89600000000064
rt_diff,sGARCH,1,2,0,1,sstd,7.857152371701809,-71823.49203056982,10.583999999998923
rt_diff,sGARCH,1,2,1,0,sstd,7.858199236544869,-71833.06403926233,9.441999999999098
rt_diff,sGARCH,1,2,1,1,sstd,7.735388425683522,-70707.84592802677,13.58599999999933
rt_diff,sGARCH,2,1,0,0,sstd,7.858475925089998,-71837.8914303936,7.841000000000349
rt_diff,sGARCH,2,1,0,1,sstd,7.854957496803017,-71803.42319193271,11.399000000001251
rt_diff,sGARCH,2,1,1,0,sstd,7.855857578915596,-71811.65309272907,10.402000000001863
rt_diff,sGARCH,2,1,1,1,sstd,7.734883953484269,-70703.23328647291,13.866000000001804
rt_diff,sGARCH,2,2,0,0,sstd,7.858727660182761,-71837.8956807954,8.741000000001804
rt_diff,sGARCH,2,2,0,1,sstd,7.855208540334657,-71803.42114633943,12.059000000001106
rt_diff,sGARCH,2,2,1,0,sstd,7.856108826755118,-71811.65291522491,14.187999999998283
rt_diff,sGARCH,2,2,1,1,sstd,7.734773686957099,-70699.92762964498,18.60900000000038
rt_diff,gjrGARCH,1,1,0,0,norm,8.01997169899997,-73319.12309988319,2.49199999999837
rt_diff,gjrGARCH,1,1,0,1,norm,8.018827727181572,-73306.36564953679,3.7039999999979045
rt_diff,gjrGARCH,1,1,1,0,norm,8.019178309327925,-73309.57119739197,4.169000000001688
rt_diff,gjrGARCH,1,1,1,1,norm,7.956579754071883,-72734.90379068947,6.206999999994878
rt_diff,gjrGARCH,1,2,0,0,norm,8.009410329529395,-73220.25767410411,5.211000000002969
rt_diff,gjrGARCH,1,2,0,1,norm,8.008085731522893,-73205.84869551277,4.536000000000058
rt_diff,gjrGARCH,1,2,1,0,norm,8.008636948681955,-73210.88874960666,5.152999999998428
rt_diff,gjrGARCH,1,2,1,1,norm,7.945966594298247,-72635.56487488035,8.06300000000192
rt_diff,gjrGARCH,2,1,0,0,norm,8.020481607842084,-73319.1903906373,4.036000000000058
rt_diff,gjrGARCH,2,1,0,1,norm,8.01923733615039,-73305.51590300542,5.775000000001455
rt_diff,gjrGARCH,2,1,1,0,norm,8.019627976595523,-73309.08772391548,6.444000000003143
rt_diff,gjrGARCH,2,1,1,1,norm,7.956589928310374,-72730.4018672954,10.097000000001572
rt_diff,gjrGARCH,2,2,0,0,norm,8.011772746686045,-73237.26342923818,6.368999999998778
rt_diff,gjrGARCH,2,2,0,1,norm,8.007745860948724,-73198.14613737416,8.184999999997672
rt_diff,gjrGARCH,2,2,1,0,norm,8.008184123879882,-73202.15339448521,10.01600000000326
rt_diff,gjrGARCH,2,2,1,1,norm,7.945390242870725,-72625.70010864122,10.734000000004016
rt_diff,gjrGARCH,1,1,0,0,std,7.805333896855354,-71354.28481194901,4.86699999999837
rt_diff,gjrGARCH,1,1,0,1,std,7.805565008932052,-71354.10046850343,6.788000000000466
rt_diff,gjrGARCH,1,1,1,0,std,7.805568161812972,-71354.12929687012,7.057999999997264
rt_diff,gjrGARCH,1,1,1,1,std,7.721118705170382,-70579.66820063972,9.073000000003958
rt_diff,gjrGARCH,1,2,0,0,std,7.805641476145507,-71354.79964646965,6.364999999997963
rt_diff,gjrGARCH,1,2,0,1,std,7.850849767668889,-71765.86417059481,7.772000000004482
rt_diff,gjrGARCH,1,2,1,0,std,7.80587556623852,-71354.64255981623,8.20499999999447
rt_diff,gjrGARCH,1,2,1,1,std,7.722946481227359,-70594.08300889184,11.042999999997846
rt_diff,gjrGARCH,2,1,0,0,std,7.805679826375793,-71352.85281238139,7.466000000000349
rt_diff,gjrGARCH,2,1,0,1,std,7.805921932125759,-71352.76904418138,11.262000000002445
rt_diff,gjrGARCH,2,1,1,0,std,7.830882620140967,-71580.99709504843,10.801999999996042
rt_diff,gjrGARCH,2,1,1,1,std,7.720682790622599,-70571.08751901049,13.239000000001397
rt_diff,gjrGARCH,2,2,0,0,std,7.805931115941202,-71352.85301639787,48.366000000001804
rt_diff,gjrGARCH,2,2,0,1,std,7.846844563534465,-71724.64768963013,14.51600000000326
rt_diff,gjrGARCH,2,2,1,0,std,7.806174646295388,-71352.78230135463,11.639000000002852
rt_diff,gjrGARCH,2,2,1,1,std,7.720933990701957,-70571.08695938146,14.864999999997963
rt_diff,gjrGARCH,1,1,0,0,snorm,7.976284514263213,-72917.37178221777,3.8139999999984866
rt_diff,gjrGARCH,1,1,0,1,snorm,7.959112676350759,-72758.06356554637,5.570999999996275
rt_diff,gjrGARCH,1,1,1,0,snorm,7.960594952745561,-72771.61675976224,5.461000000002969
rt_diff,gjrGARCH,1,1,1,1,snorm,7.8075066480748365,-71369.55635658659,7.818999999995867
rt_diff,gjrGARCH,1,2,0,0,snorm,7.957319817565481,-72741.67056124318,5.147999999993772
rt_diff,gjrGARCH,1,2,0,1,snorm,7.9518391636905505,-72689.26071311887,6.8729999999995925
rt_diff,gjrGARCH,1,2,1,0,snorm,7.953724229084248,-72706.49680854614,6.7189999999973224
rt_diff,gjrGARCH,1,2,1,1,snorm,7.806251276877625,-71355.78040792006,9.863000000004831
rt_diff,gjrGARCH,2,1,0,0,snorm,8.035870983496661,-73457.60565751606,7.951000000000931
rt_diff,gjrGARCH,2,1,0,1,snorm,7.959576509503439,-72757.70967243418,9.324000000000524
rt_diff,gjrGARCH,2,1,1,0,snorm,7.9610667941703674,-72771.33609028625,8.697000000000116
rt_diff,gjrGARCH,2,1,1,1,snorm,7.90191499482654,-72228.18417814921,13.86200000000099
rt_diff,gjrGARCH,2,2,0,0,snorm,7.96035087736952,-72764.7901050177,7.705000000001746
rt_diff,gjrGARCH,2,2,0,1,snorm,7.95185096283378,-72684.77370162342,10.47099999999773
rt_diff,gjrGARCH,2,2,1,0,snorm,7.953634580805948,-72701.08221255193,9.873999999996158
rt_diff,gjrGARCH,2,2,1,1,snorm,7.806641655270349,-71354.75499036255,13.67000000000553
rt_diff,gjrGARCH,1,1,0,0,sstd,7.781554706670923,-71134.56226977879,11.30899999999383
rt_diff,gjrGARCH,1,1,0,1,sstd,7.780914157612765,-71126.40792004664,15.942999999999302
rt_diff,gjrGARCH,1,1,1,0,sstd,7.781082998681646,-71127.95171835995,14.972999999998137
rt_diff,gjrGARCH,1,1,1,1,sstd,7.661131638992668,-70028.87899891895,17.002999999996973
rt_diff,gjrGARCH,1,2,0,0,sstd,7.79417127024083,-71247.62432936135,15.938999999998487
rt_diff,gjrGARCH,1,2,0,1,sstd,7.781228836927886,-71126.98772823962,17.131000000001222
rt_diff,gjrGARCH,1,2,1,0,sstd,7.781397909767226,-71128.53364574612,16.439999999995052
rt_diff,gjrGARCH,1,2,1,1,sstd,7.661448238163133,-70029.47638859735,20.48399999999674
rt_diff,gjrGARCH,2,1,0,0,sstd,7.782884027758076,-71142.12196559546,17.970000000001164
rt_diff,gjrGARCH,2,1,0,1,sstd,7.787818539983674,-71184.94324329347,22.302000000003318
rt_diff,gjrGARCH,2,1,1,0,sstd,7.781368575622004,-71125.96799415254,21.014000000002852
rt_diff,gjrGARCH,2,1,1,1,sstd,7.661554941883577,-70028.1546265106,25.074000000000524
rt_diff,gjrGARCH,2,2,0,0,sstd,7.808526496868307,-71374.28644706811,22.91599999999744
rt_diff,gjrGARCH,2,2,0,1,sstd,7.78145864533243,-71124.49413899519,24.561000000001513
rt_diff,gjrGARCH,2,2,1,0,sstd,7.78437437192245,-71151.15408507103,26.675999999999476
rt_diff,gjrGARCH,2,2,1,1,sstd,7.661806152400748,-70028.1541895959,26.897000000004482
rt_diff,csGARCH,1,1,0,0,norm,8.040732781919607,-73506.65451753401,2.6149999999979627
rt_diff,csGARCH,1,1,0,1,norm,8.037522971279653,-73475.00809722871,3.7549999999973807
rt_diff,csGARCH,1,1,1,0,norm,8.038615117157097,-73484.99413305911,3.8410000000003492
rt_diff,csGARCH,1,1,1,1,norm,7.961470836075826,-72777.32790957364,4.733000000000175
rt_diff,csGARCH,1,2,0,0,norm,8.041042900192885,-73507.19256724684,3.0869999999995343
rt_diff,csGARCH,1,2,0,1,norm,8.0378298490005875,-73475.5165442512,4.980999999999767
rt_diff,csGARCH,1,2,1,0,norm,8.038923103870744,-73485.51272015649,4.492000000005646
rt_diff,csGARCH,1,2,1,1,norm,7.961780222101444,-72777.85931857405,6.0349999999962165
rt_diff,csGARCH,2,1,0,0,norm,8.038648771445862,-73485.30185104844,3.3650000000052387
rt_diff,csGARCH,2,1,0,1,norm,8.035628108568396,-73455.38493060946,4.702000000004773
rt_diff,csGARCH,2,1,1,0,norm,8.036551367067812,-73463.82674469886,4.99199999999837
rt_diff,csGARCH,2,1,1,1,norm,7.961194549789285,-72772.50422378782,5.458999999995285
rt_diff,csGARCH,2,2,0,0,norm,8.038900041779875,-73485.30185192861,3.888999999995576
rt_diff,csGARCH,2,2,0,1,norm,8.035879360933396,-73455.38479448401,5.493000000002212
rt_diff,csGARCH,2,2,1,0,norm,8.036802610407728,-73463.82652605255,5.655999999995402
rt_diff,csGARCH,2,2,1,1,norm,7.961445851829082,-72772.50456915196,7.063999999998487
rt_diff,csGARCH,1,1,0,0,std,7.865331740613273,-71900.57757963067,4.64100000000326
rt_diff,csGARCH,1,1,0,1,std,7.864081277492934,-71886.84648067097,6.686000000001513
rt_diff,csGARCH,1,1,1,0,std,7.864409593501145,-71889.84843809204,6.527000000001863
rt_diff,csGARCH,1,1,1,1,std,7.7768072613649455,-71086.55905207987,8.961999999999534
rt_diff,csGARCH,1,2,0,0,std,7.865664970532311,-71901.32697797651,5.849999999998545
rt_diff,csGARCH,1,2,0,1,std,7.86441255342421,-71887.57804002376,8.129000000000815
rt_diff,csGARCH,1,2,1,0,std,7.864741368023628,-71890.58455631354,8.139999999999418
rt_diff,csGARCH,1,2,1,1,std,7.777139520139114,-71087.29962534473,9.777000000001863
rt_diff,csGARCH,2,1,0,0,std,7.862768477202273,-71874.84289121331,5.8379999999961
rt_diff,csGARCH,2,1,0,1,std,7.861506926947235,-71861.01044433154,8.463000000003376
rt_diff,csGARCH,2,1,1,0,std,7.861795092409421,-71863.64528523503,8.02900000000227
rt_diff,csGARCH,2,1,1,1,std,7.776013185331283,-71077.00098302933,10.023000000001048
rt_diff,csGARCH,2,2,0,0,std,7.863019748185089,-71874.84292531986,6.887000000002445
rt_diff,csGARCH,2,2,0,1,std,7.861758194856326,-71861.01047762156,9.635999999998603
rt_diff,csGARCH,2,2,1,0,std,7.8620463633061926,-71863.64534584292,9.24500000000262
rt_diff,csGARCH,2,2,1,1,std,7.776264439215151,-71077.00091536184,11.39900000000489
rt_diff,csGARCH,1,1,0,0,snorm,8.018954420607256,-73305.22655415564,3.5529999999998836
rt_diff,csGARCH,1,1,0,1,snorm,8.006809321841875,-73191.8803541755,5.286000000000058
rt_diff,csGARCH,1,1,1,0,snorm,8.011569149166032,-73235.40183531394,5.065000000002328
rt_diff,csGARCH,1,1,1,1,snorm,7.851368756152034,-71768.31207966561,5.819999999999709
rt_diff,csGARCH,1,2,0,0,snorm,8.019274993824858,-73305.86022595192,4.06699999999546
rt_diff,csGARCH,1,2,0,1,snorm,8.007124656415213,-73192.466153722,6.048999999999069
rt_diff,csGARCH,1,2,1,0,snorm,8.01188689841536,-73236.00971345034,6.116000000001804
rt_diff,csGARCH,1,2,1,1,snorm,7.851706483339092,-71769.10265336373,7.599999999998545
rt_diff,csGARCH,2,1,0,0,snorm,8.016576075860947,-73281.18266954889,4.165000000000873
rt_diff,csGARCH,2,1,0,1,snorm,8.005050587885558,-73173.50190812109,6.253000000004249
rt_diff,csGARCH,2,1,1,0,snorm,8.009133712260748,-73210.83595584566,6.048999999999069
rt_diff,csGARCH,2,1,1,1,snorm,7.851224566453239,-71764.69624631794,7.2810000000026776
rt_diff,csGARCH,2,2,0,0,snorm,8.01682393194443,-73281.1514795234,4.993000000002212
rt_diff,csGARCH,2,2,0,1,snorm,8.005264501199921,-73173.16038967423,6.991000000001804
rt_diff,csGARCH,2,2,1,0,snorm,8.009361253117145,-73210.61904082936,7.014999999999418
rt_diff,csGARCH,2,2,1,1,snorm,7.851379637566777,-71763.81673148993,8.876000000003842
rt_diff,csGARCH,1,1,0,0,sstd,7.857781418319766,-71829.2437183211,8.825999999993655
rt_diff,csGARCH,1,1,0,1,sstd,7.853065648169208,-71783.82761182464,11.248999999996158
rt_diff,csGARCH,1,1,1,0,sstd,7.854459110537903,-71796.5687349928,11.49199999999837
rt_diff,csGARCH,1,1,1,1,sstd,7.726108457619304,-70620.69710519485,13.963000000003376
rt_diff,csGARCH,1,2,0,0,sstd,7.858119097012983,-71830.0338213277,10.188999999998487
rt_diff,csGARCH,1,2,0,1,sstd,7.853400614082385,-71784.59293781503,13.264000000002852
rt_diff,csGARCH,1,2,1,0,sstd,7.854794988982282,-71797.34240471224,13.447000000000116
rt_diff,csGARCH,1,2,1,1,sstd,7.726447565588515,-70621.5003313567,17.04200000000128
rt_diff,csGARCH,2,1,0,0,sstd,7.855205336721133,-71803.39185409917,10.580000000001746
rt_diff,csGARCH,2,1,0,1,sstd,7.850574772834762,-71758.75485836739,13.286999999996624
rt_diff,csGARCH,2,1,1,0,sstd,7.851788536377219,-71769.85290531785,13.284000000006927
rt_diff,csGARCH,2,1,1,1,sstd,7.725639161132467,-70614.10868521282,17.051999999996042
rt_diff,csGARCH,2,2,0,0,sstd,7.855456600057366,-71803.39184557727,12.364000000001397
rt_diff,csGARCH,2,2,0,1,sstd,7.850826031776875,-71758.75483694997,16.527000000001863
rt_diff,csGARCH,2,2,1,0,sstd,7.8520397716113655,-71769.85266712663,16.127000000000407
rt_diff,csGARCH,2,2,1,1,sstd,7.725739247465179,-70612.72644431751,19.89100000000326
da_diff,sGARCH,1,1,0,0,norm,6.6044013005998945,-60378.152733448915,1.4710000000050059
da_diff,sGARCH,1,1,0,1,norm,6.361739786868518,-58157.07961130925,2.2259999999951106
da_diff,sGARCH,1,1,1,0,norm,6.362165488373768,-58160.9720130225,2.0979999999981374
da_diff,sGARCH,1,1,1,1,norm,6.348484326717273,-58033.58076739147,2.90400000000227
da_diff,sGARCH,1,2,0,0,norm,6.596567316265648,-60304.22512635191,2
da_diff,sGARCH,1,2,0,1,norm,6.3503148248785095,-58050.317927328746,2.9789999999993597
da_diff,sGARCH,1,2,1,0,norm,6.350705678305509,-58053.891695638515,2.834000000002561
da_diff,sGARCH,1,2,1,1,norm,6.3342911858482696,-57901.50826713686,3.77900000000227
da_diff,sGARCH,2,1,0,0,norm,6.604646112201503,-60378.0935969914,1.9689999999973224
da_diff,sGARCH,2,1,0,1,norm,6.361988454372959,-58157.05575861123,3.0869999999995343
da_diff,sGARCH,2,1,1,0,norm,6.362414319358789,-58160.94965510918,3.0780000000013388
da_diff,sGARCH,2,1,1,1,norm,6.348733487422157,-58033.5614515777,3.7770000000018626
da_diff,sGARCH,2,2,0,0,norm,6.59681861294775,-60304.22531353984,2.469999999993888
da_diff,sGARCH,2,2,0,1,norm,6.350566111847121,-58050.31805300735,3.8950000000040745
da_diff,sGARCH,2,2,1,0,norm,6.350956947529039,-58053.891659064975,3.9139999999970314
da_diff,sGARCH,2,2,1,1,norm,6.334543041269298,-57901.51361776015,4.720000000001164
da_diff,sGARCH,1,1,0,0,std,6.486581984281238,-59298.57424335246,3.0860000000029686
da_diff,sGARCH,1,1,0,1,std,6.204067256562475,-56713.10328643108,4.319999999999709
da_diff,sGARCH,1,1,1,0,std,6.0451996856125785,-55260.49765145071,5.65400000000227
da_diff,sGARCH,1,1,1,1,std,6.159269604436373,-56301.19843749718,5.461999999999534
da_diff,sGARCH,1,2,0,0,std,6.479963035851641,-59235.756344361565,3.7929999999978463
da_diff,sGARCH,1,2,0,1,std,6.1391872253052044,-56117.57520391134,6.413000000000466
da_diff,sGARCH,1,2,1,0,std,6.045446569453949,-55260.457517135386,6.1120000000009895
da_diff,sGARCH,1,2,1,1,std,6.045385816629315,-55257.604534264465,7.961000000002969
da_diff,sGARCH,2,1,0,0,std,6.486831324740331,-59298.556543815306,3.764000000002852
da_diff,sGARCH,2,1,0,1,std,6.204319886125153,-56713.11568811854,5.261000000005879
da_diff,sGARCH,2,1,1,0,std,6.045446564150524,-55260.45746864352,6.741000000001804
da_diff,sGARCH,2,1,1,1,std,6.15952310561934,-56301.218836144755,6.576999999997497
da_diff,sGARCH,2,2,0,0,std,6.480214268936908,-59235.75597735783,4.987999999997555
da_diff,sGARCH,2,2,0,1,std,6.139302666246179,-56116.33324873626,8.044999999998254
da_diff,sGARCH,2,2,1,0,std,6.04543050332265,-55258.01312704497,8.075000000004366
da_diff,sGARCH,2,2,1,1,std,6.0456225685188905,-55257.47181304197,9.377000000000407
da_diff,sGARCH,1,1,0,0,snorm,6.575525883203242,-60111.8327831458,2.213999999999942
da_diff,sGARCH,1,1,0,1,snorm,6.355283957950602,-58095.75319557342,3.4689999999973224
da_diff,sGARCH,1,1,1,0,snorm,6.361292773195673,-58150.69479776673,3.507000000005064
da_diff,sGARCH,1,1,1,1,snorm,6.346652162886538,-58014.53086068627,4.294000000001688
da_diff,sGARCH,1,2,0,0,snorm,6.568089396526647,-60041.53972319348,2.7739999999976135
da_diff,sGARCH,1,2,0,1,snorm,6.342214996518167,-57973.959629997065,4.006999999997788
da_diff,sGARCH,1,2,1,0,snorm,6.34916523439071,-58037.50912998466,4.09599999999773
da_diff,sGARCH,1,2,1,1,snorm,6.331546478024489,-57874.11454173124,4.99199999999837
da_diff,sGARCH,2,1,0,0,snorm,6.575770462898797,-60111.77155356725,2.838999999999942
da_diff,sGARCH,2,1,0,1,snorm,6.355532764307016,-58095.73063977441,4.480000000003201
da_diff,sGARCH,2,1,1,0,snorm,6.361541762867601,-58150.67391811311,4.112999999997555
da_diff,sGARCH,2,1,1,1,snorm,6.346901332435306,-58014.51165303654,5.1010000000023865
da_diff,sGARCH,2,2,0,0,snorm,6.568340660588445,-60041.53963942366,3.2850000000034925
da_diff,sGARCH,2,2,0,1,snorm,6.342466284866299,-57973.95979558933,5.175999999999476
da_diff,sGARCH,2,2,1,0,snorm,6.349416494180282,-58037.50903445173,4.819999999999709
da_diff,sGARCH,2,2,1,1,snorm,6.331797738197233,-57874.11447699589,6.261000000005879
da_diff,sGARCH,1,1,0,0,sstd,6.385085087056822,-58368.23981955615,8.322000000000116
da_diff,sGARCH,1,1,0,1,sstd,6.129199520188582,-56026.252622177504,10.758999999998196
da_diff,sGARCH,1,1,1,0,sstd,6.164422713270298,-56348.315888120174,7.896999999997206
da_diff,sGARCH,1,1,1,1,sstd,6.159229552365352,-56298.53473196692,9.651000000005297
da_diff,sGARCH,1,2,0,0,sstd,6.385088751095994,-58365.975804979425,8.366000000001804
da_diff,sGARCH,1,2,0,1,sstd,6.129442338924077,-56026.17534586662,11.417999999997846
da_diff,sGARCH,1,2,1,0,sstd,6.044400532713116,-55248.5955907767,11.37000000000262
da_diff,sGARCH,1,2,1,1,sstd,6.04438614761587,-55246.1665985152,13.125
da_diff,sGARCH,2,1,0,0,sstd,6.38533637616649,-58368.2399648115,9.317000000002736
da_diff,sGARCH,2,1,0,1,sstd,6.129442334457337,-56026.17530502499,11.342000000004191
da_diff,sGARCH,2,1,1,0,sstd,6.164676047748429,-56348.33476250208,9.777999999998428
da_diff,sGARCH,2,1,1,1,sstd,6.159483096867945,-56298.55555400154,11.434999999997672
da_diff,sGARCH,2,2,0,0,sstd,6.385340054066373,-58365.9761042702,9.942999999999302
da_diff,sGARCH,2,2,0,1,sstd,6.129214350426452,-56021.79327091375,14.019000000000233
da_diff,sGARCH,2,2,1,0,sstd,6.044343526848489,-55245.77689552865,14.72899999999936
da_diff,sGARCH,2,2,1,1,sstd,6.04461541337761,-55245.96545517092,15.762000000002445
da_diff,gjrGARCH,1,1,0,0,norm,6.5932100150818425,-60273.52764297778,2.3070000000006985
da_diff,gjrGARCH,1,1,0,1,norm,6.325797992283476,-57826.14826849605,3.63300000000163
da_diff,gjrGARCH,1,1,1,0,norm,6.298290037410029,-57574.62928311069,3.684000000001106
da_diff,gjrGARCH,1,1,1,1,norm,6.288001120816276,-57478.25505751682,4.569999999999709
da_diff,gjrGARCH,1,2,0,0,norm,6.583886594828792,-60185.98140586915,2.926999999996042
da_diff,gjrGARCH,1,2,0,1,norm,6.306490854070845,-57647.31593352998,4.872000000003027
da_diff,gjrGARCH,1,2,1,0,norm,6.286277066666548,-57462.49116839879,4.577999999994063
da_diff,gjrGARCH,1,2,1,1,norm,6.271897573834167,-57328.71478626703,5.7149999999965075
da_diff,gjrGARCH,2,1,0,0,norm,6.589699047870344,-60236.8300535357,4.072000000000116
da_diff,gjrGARCH,2,1,0,1,norm,6.326225202528261,-57825.459459231475,5.864999999997963
da_diff,gjrGARCH,2,1,1,0,norm,6.2942063602610805,-57532.69517496151,5.814000000005763
da_diff,gjrGARCH,2,1,1,1,norm,6.2793318862217316,-57394.392959457895,7.186000000001513
da_diff,gjrGARCH,2,2,0,0,norm,6.581892807871471,-60163.15620868712,4.826999999997497
da_diff,gjrGARCH,2,2,0,1,norm,6.306898527818339,-57646.44854689647,7.016999999999825
da_diff,gjrGARCH,2,2,1,0,norm,6.278674498583449,-57388.38213558726,6.987999999997555
da_diff,gjrGARCH,2,2,1,1,norm,6.26223950013353,-57235.81129242368,8.603000000002794
da_diff,gjrGARCH,1,1,0,0,std,6.48511553761216,-59282.868244208876,4.4799999999959255
da_diff,gjrGARCH,1,1,0,1,std,6.102887094664333,-55785.664959396534,7.63300000000163
da_diff,gjrGARCH,1,1,1,0,std,6.029009064701963,-55110.161192435604,9.425999999999476
da_diff,gjrGARCH,1,1,1,1,std,6.056482901816733,-55359.070732675624,10.158000000003085
da_diff,gjrGARCH,1,2,0,0,std,6.397669317333103,-58481.00621236844,6.878000000004249
da_diff,gjrGARCH,1,2,0,1,std,6.102925273697653,-55783.71655996881,9.006000000001222
da_diff,gjrGARCH,1,2,1,0,std,6.003805723700069,-54877.4169545659,8.444999999999709
da_diff,gjrGARCH,1,2,1,1,std,6.0028651731261995,-54866.519568268894,10.257000000005064
da_diff,gjrGARCH,2,1,0,0,std,6.471319947640463,-59152.1332611649,6.97099999999773
da_diff,gjrGARCH,2,1,0,1,std,6.113401880192964,-55877.21194933386,13.46600000000035
da_diff,gjrGARCH,2,1,1,0,std,6.061737801286364,-55404.82144385136,12.834000000002561
da_diff,gjrGARCH,2,1,1,1,std,6.014642753177523,-54971.91043663143,13.990000000005239
da_diff,gjrGARCH,2,2,0,0,std,6.397129741035174,-58471.47764494461,12.286999999996624
da_diff,gjrGARCH,2,2,0,1,std,6.098648862498576,-55740.02029720848,13.548999999999069
da_diff,gjrGARCH,2,2,1,0,std,6.036287899771631,-55169.822834514656,14.953999999997905
da_diff,gjrGARCH,2,2,1,1,std,6.086482402407213,-55626.478861808464,16.94199999999546
da_diff,gjrGARCH,1,1,0,0,snorm,6.567145609495759,-60032.910206476554,3.724000000001979
da_diff,gjrGARCH,1,1,0,1,snorm,6.31561360196385,-57730.72977888967,4.832000000002154
da_diff,gjrGARCH,1,1,1,0,snorm,6.293235916669065,-57526.1194133968,5.131000000001222
da_diff,gjrGARCH,1,1,1,1,snorm,6.2828768341142025,-57429.10365263753,6.107999999992899
da_diff,gjrGARCH,1,2,0,0,snorm,6.5601010564580875,-59966.20081905773,4.4799999999959255
da_diff,gjrGARCH,1,2,0,1,snorm,6.294308698087255,-57533.630900875134,6.408000000003085
da_diff,gjrGARCH,1,2,1,0,snorm,6.1834759829039285,-56520.231969596396,8.315999999998894
da_diff,gjrGARCH,1,2,1,1,snorm,6.181192005654655,-56497.05096149283,9.791999999994005
da_diff,gjrGARCH,2,1,0,0,snorm,6.556946913702848,-59935.06342535632,5.983000000000175
da_diff,gjrGARCH,2,1,0,1,snorm,6.316006127855051,-57729.72388783215,8.060000000004948
da_diff,gjrGARCH,2,1,1,0,snorm,6.288718561637974,-57480.220026126306,7.889000000002852
da_diff,gjrGARCH,2,1,1,1,snorm,6.277440713164366,-57374.80358377113,9.582000000002154
da_diff,gjrGARCH,2,2,0,0,snorm,6.553200462467596,-59898.510286361954,6.692000000002736
da_diff,gjrGARCH,2,2,0,1,snorm,6.294797038239001,-57533.50114209105,9.597000000001572
da_diff,gjrGARCH,2,2,1,0,snorm,6.269772505523278,-57304.68932720484,9.562999999994645
da_diff,gjrGARCH,2,2,1,1,snorm,6.256708136722421,-57182.93786351957,11.309999999997672
da_diff,gjrGARCH,1,1,0,0,sstd,6.379005079666931,-58310.349755267795,12.24699999999575
da_diff,gjrGARCH,1,1,0,1,sstd,6.096395761896027,-55724.01396881065,13.506999999997788
da_diff,gjrGARCH,1,1,1,0,sstd,6.001934644736626,-54860.30874406367,13.786000000000058
da_diff,gjrGARCH,1,1,1,1,sstd,6.000970420418483,-54849.19489688589,17.590000000003783
da_diff,gjrGARCH,1,2,0,0,sstd,6.378122606899635,-58299.98337610113,13.283000000003085
da_diff,gjrGARCH,1,2,0,1,sstd,6.096499162287443,-55722.66194816472,14.910000000003492
da_diff,gjrGARCH,1,2,1,0,sstd,6.022067188114725,-55042.09319231648,16.410000000003492
da_diff,gjrGARCH,1,2,1,1,sstd,6.00125417940514,-54849.49201234364,17.286000000000058
da_diff,gjrGARCH,2,1,0,0,sstd,6.3778572063860794,-58295.259224380614,18.85899999999674
da_diff,gjrGARCH,2,1,0,1,sstd,6.093517555638548,-55693.10219293381,19.971000000005006
da_diff,gjrGARCH,2,1,1,0,sstd,6.013742966119154,-54963.68323366323,23.810000000004948
da_diff,gjrGARCH,2,1,1,1,sstd,6.029248794748416,-55103.16337018026,30.805999999996857
da_diff,gjrGARCH,2,2,0,0,sstd,6.393928991053713,-58439.91415265237,24.93699999999808
da_diff,gjrGARCH,2,2,0,1,sstd,6.092111913922785,-55677.95230035109,24.388999999995576
da_diff,gjrGARCH,2,2,1,0,sstd,6.065881341987783,-55438.11306586341,27.927999999999884
da_diff,gjrGARCH,2,2,1,1,sstd,6.090939629064599,-55664.93613347181,28.830000000001746
da_diff,csGARCH,1,1,0,0,norm,6.505457048411204,-59468.860848199925,2.646999999997206
da_diff,csGARCH,1,1,0,1,norm,6.266909380495526,-57285.40272989405,3.844999999993888
da_diff,csGARCH,1,1,1,0,norm,6.208805932422126,-56754.13385243492,4.120999999999185
da_diff,csGARCH,1,1,1,1,norm,6.203079739668127,-56699.47891956985,5.1929999999993015
da_diff,csGARCH,1,2,0,0,norm,6.505768499456835,-59469.41108411678,3.27900000000227
da_diff,csGARCH,1,2,0,1,norm,6.267203258971077,-57285.792318316366,4.919999999998254
da_diff,csGARCH,1,2,1,0,norm,6.209117461494228,-56754.68482908679,5.793999999994412
da_diff,csGARCH,1,2,1,1,norm,6.203385292711045,-56699.97528169293,7.004999999997381
da_diff,csGARCH,2,1,0,0,norm,6.505565724162326,-59467.557008211435,3.934000000001106
da_diff,csGARCH,2,1,0,1,norm,6.265035811396076,-57265.97426141434,5.39600000000064
da_diff,csGARCH,2,1,1,0,norm,6.202730212032262,-56696.283013631306,5.275999999998021
da_diff,csGARCH,2,1,1,1,norm,6.199857978340996,-56667.72328275039,5.847999999998137
da_diff,csGARCH,2,2,0,0,norm,6.50581699434806,-59467.55700773581,3.9910000000018044
da_diff,csGARCH,2,2,0,1,norm,6.265287082572692,-57265.974297292894,5.719000000004598
da_diff,csGARCH,2,2,1,0,norm,6.20298148430003,-56696.283059486814,5.9689999999973224
da_diff,csGARCH,2,2,1,1,norm,6.200109223807065,-56667.72311083264,6.973999999994703
da_diff,csGARCH,1,1,0,0,std,6.390850821675187,-58418.66129732028,5.186999999998079
da_diff,csGARCH,1,1,0,1,std,6.122729847540573,-55964.79968090155,7.22099999999773
da_diff,csGARCH,1,1,1,0,std,6.0319191347958165,-55134.47192891987,7.192000000002736
da_diff,csGARCH,1,1,1,1,std,6.031598307977872,-55129.24098678517,8.743999999998778
da_diff,csGARCH,1,2,0,0,std,6.39118604885512,-58419.428957621116,5.775999999998021
da_diff,csGARCH,1,2,0,1,std,6.123055143037011,-55965.4765581484,8.005000000004657
da_diff,csGARCH,1,2,1,0,std,6.032265029885342,-55135.337158546114,8.120999999999185
da_diff,csGARCH,1,2,1,1,std,6.031942712019701,-55130.09261030488,9.855000000003201
da_diff,csGARCH,2,1,0,0,std,6.390212522860854,-58410.527522692544,6.0239999999976135
da_diff,csGARCH,2,1,0,1,std,6.119983165455835,-55937.38793113492,8.461999999999534
da_diff,csGARCH,2,1,1,0,std,6.030097154827031,-55115.51519295045,8.373999999996158
da_diff,csGARCH,2,1,1,1,std,6.030202552790518,-55114.18146439285,10.24199999999837
da_diff,csGARCH,2,2,0,0,std,6.3904637900251595,-58410.52752188454,7.569999999999709
da_diff,csGARCH,2,2,0,1,std,6.120234429730053,-55937.387931189485,9.512000000002445
da_diff,csGARCH,2,2,1,0,std,6.030344553671626,-55115.47984944926,9.906000000002678
da_diff,csGARCH,2,2,1,1,std,6.030449155907631,-55114.13887243954,11.148999999997613
da_diff,csGARCH,1,1,0,0,snorm,6.485532784880991,-59284.385827892555,3.5720000000001164
da_diff,csGARCH,1,1,0,1,snorm,6.253050379429889,-57156.38546423151,4.779999999998836
da_diff,csGARCH,1,1,1,0,snorm,6.201042998432932,-56680.85597608583,5.036999999996624
da_diff,csGARCH,1,1,1,1,snorm,6.195938743662695,-56631.88776046934,5.857000000003609
da_diff,csGARCH,1,2,0,0,snorm,6.4858418823508215,-59284.91457118906,4.0939999999973224
da_diff,csGARCH,1,2,0,1,snorm,6.253344980300659,-57156.781685168564,6.129999999997381
da_diff,csGARCH,1,2,1,0,snorm,6.201358763720736,-56681.445713870045,5.9429999999993015
da_diff,csGARCH,1,2,1,1,snorm,6.196248401213424,-56632.42167944769,7.171999999998661
da_diff,csGARCH,2,1,0,0,snorm,6.485458505635699,-59281.40916619434,4.133999999998196
da_diff,csGARCH,2,1,0,1,snorm,6.2504110500229,-57129.955293673884,6
da_diff,csGARCH,2,1,1,0,snorm,6.192937007955607,-56604.44139003159,6.428999999996449
da_diff,csGARCH,2,1,1,1,snorm,6.191243303847615,-56586.65757168341,7.158999999999651
da_diff,csGARCH,2,2,0,0,snorm,6.485709783472676,-59281.4092629719,4.8989999999976135
da_diff,csGARCH,2,2,0,1,snorm,6.250662312155345,-57129.95527414515,7.309000000001106
da_diff,csGARCH,2,2,1,0,snorm,6.193188266756027,-56604.44134003648,7.507000000005064
da_diff,csGARCH,2,2,1,1,snorm,6.191494559769033,-56586.65752264627,8.46799999999348
da_diff,csGARCH,1,1,0,0,sstd,6.369413088731209,-58220.34789672813,9.144000000000233
da_diff,csGARCH,1,1,0,1,sstd,6.114125430332376,-55883.827730033576,11.650000000001455
da_diff,csGARCH,1,1,1,0,sstd,6.031240790918389,-55125.972029551784,12.527999999998428
da_diff,csGARCH,1,1,1,1,sstd,6.030976759127586,-55121.260420035826,13.593999999997322
da_diff,csGARCH,1,2,0,0,sstd,6.369752901401057,-58221.157511750054,10.4629999999961
da_diff,csGARCH,1,2,0,1,sstd,6.114454391744784,-55884.53815387117,13.895000000004075
da_diff,csGARCH,1,2,1,0,sstd,6.031587442865899,-55126.84420679709,13.932000000000698
da_diff,csGARCH,1,2,1,1,sstd,6.03132158301007,-55122.11590965068,16.169000000001688
da_diff,csGARCH,2,1,0,0,sstd,6.36887118328206,-58213.095522129006,10.398000000001048
da_diff,csGARCH,2,1,0,1,sstd,6.111787274056095,-55860.15136328465,15.31300000000192
da_diff,csGARCH,2,1,1,0,sstd,6.0294197075205584,-55107.023518666974,21.929000000003725
da_diff,csGARCH,2,1,1,1,sstd,6.029563239198739,-55106.03849301178,20.624000000003434
da_diff,csGARCH,2,2,0,0,sstd,6.3691224454254405,-58213.09550270026,13.019000000000233
da_diff,csGARCH,2,2,0,1,sstd,6.112002511135196,-55859.821975962775,18.09700000000157
da_diff,csGARCH,2,2,1,0,sstd,6.029656631420285,-55106.89242478949,17.63400000000547
da_diff,csGARCH,2,2,1,1,sstd,6.029799624783951,-55105.90250433171,20.608000000000175
