dataset,v.model,alpha,beta,AR,MA,distribution,mIC,log_likelihood,elapsed
da_ret,eGARCH,2,1,1,1,sstd,-1.173342639,10753.7314,21.641
da_ret,eGARCH,2,1,1,0,sstd,-1.17253628,10744.06106,19.005
da_ret,eGARCH,2,1,1,1,std,-1.171537452,10734.92827,12.782
da_ret,eGARCH,2,2,1,1,sstd,-1.170265335,10727.89146,22.187
da_ret,eGARCH,2,1,1,0,std,-1.170529984,10723.41905,11.565
da_ret,eGARCH,1,2,1,1,sstd,-1.169886349,10719.83141,16.946
da_ret,eGARCH,2,2,1,0,sstd,-1.169451156,10718.14963,18.619
da_ret,eGARCH,1,2,1,0,sstd,-1.169389812,10712.99389,14.303
da_ret,eGARCH,2,2,1,1,std,-1.168796736,10712.16594,13.382
da_ret,eGARCH,1,2,1,1,std,-1.168625147,10706.00217,9.893
da_ret,eGARCH,2,2,1,0,std,-1.16767856,10699.64449,11.757
da_ret,eGARCH,1,2,1,0,std,-1.167849931,10696.61652,8.946
da_ret,gjrGARCH,2,2,1,1,sstd,-1.155528836,10593.14828,28.991
da_ret,eGARCH,1,1,1,1,sstd,-1.155903564,10589.68238,13.988
da_ret,gjrGARCH,2,1,1,0,sstd,-1.154922956,10583.01363,24.108
da_ret,gjrGARCH,2,2,1,0,sstd,-1.154671691,10583.01359,25.609
da_ret,eGARCH,1,1,1,0,sstd,-1.154853739,10577.78584,11.869
da_ret,eGARCH,1,1,1,1,std,-1.154347161,10573.15394,7.951
da_ret,gjrGARCH,2,2,1,1,std,-1.153187563,10569.44347,17.921
da_ret,gjrGARCH,2,1,1,1,std,-1.153437473,10569.43112,15.747
da_ret,eGARCH,1,1,1,0,std,-1.152902359,10557.64591,6.334
da_ret,gjrGARCH,2,2,1,0,std,-1.151727886,10553.7995,16.162
da_ret,gjrGARCH,2,1,1,0,std,-1.151978646,10553.79489,15.749
da_ret,gjrGARCH,1,2,1,1,sstd,-1.150181268,10539.658,19.703
da_ret,gjrGARCH,1,1,1,1,sstd,-1.150430285,10539.63745,18.936
da_ret,gjrGARCH,1,2,1,1,std,-1.148439995,10521.43924,11.612
da_ret,gjrGARCH,1,1,1,1,std,-1.148689987,10521.42757,12.758
da_ret,gjrGARCH,1,2,1,0,sstd,-1.147975988,10517.19658,16.508
da_ret,gjrGARCH,1,1,1,0,sstd,-1.148221933,10517.14793,15.787
da_ret,gjrGARCH,2,1,1,1,sstd,-1.146061988,10504.29077,37.034
da_ret,gjrGARCH,1,2,1,0,std,-1.1456292,10493.44127,11.428
da_ret,csGARCH,2,2,1,1,sstd,-1.12734202,10335.42213,23.103
da_ret,csGARCH,2,1,1,1,sstd,-1.127590767,10335.39916,21.572
da_ret,csGARCH,2,1,1,0,sstd,-1.127469231,10331.99049,18.449
da_ret,csGARCH,2,2,1,0,sstd,-1.127202484,10331.8489,22.038
da_ret,sGARCH,2,2,1,1,sstd,-1.126833888,10326.18123,18.441
da_ret,sGARCH,2,2,1,0,sstd,-1.126647018,10322.17515,15.342
da_ret,csGARCH,1,1,1,1,sstd,-1.126067491,10319.17368,17.575
da_ret,csGARCH,1,2,1,1,sstd,-1.125701126,10318.12123,19.514
da_ret,sGARCH,1,2,1,1,sstd,-1.125522333,10311.89159,16.415
da_ret,csGARCH,1,1,1,0,sstd,-1.125496107,10311.6518,16.252
da_ret,csGARCH,1,2,1,0,sstd,-1.125118106,10310.49298,17.224
da_ret,sGARCH,1,2,1,0,sstd,-1.125013341,10304.94017,11.903
da_ret,csGARCH,2,2,1,1,std,-1.124096871,10303.45272,15.575
da_ret,csGARCH,2,1,1,1,std,-1.124329034,10303.2781,12.086
da_ret,csGARCH,2,2,1,0,std,-1.123346174,10294.29132,14.004
da_ret,csGARCH,2,1,1,0,std,-1.123571808,10294.05697,11.187
da_ret,sGARCH,2,2,1,1,std,-1.123504854,10293.44478,10.255
da_ret,csGARCH,1,1,1,1,std,-1.122897424,10287.89074,10.682
da_ret,csGARCH,1,2,1,1,std,-1.122532017,10286.84708,11.647
da_ret,sGARCH,2,2,1,0,std,-1.122666432,10283.4812,9.482
da_ret,sGARCH,1,2,1,1,std,-1.122369433,10280.76559,9.388
da_ret,csGARCH,1,1,1,0,std,-1.121617979,10273.89467,9.775
da_ret,csGARCH,1,2,1,0,std,-1.121234424,10272.6851,10.578
da_ret,sGARCH,1,2,1,0,std,-1.121179683,10267.58962,7.403
da_ret,gjrGARCH,1,1,1,0,std,-1.11850337,10243.11875,9.732
da_ret,eGARCH,2,2,0,1,sstd,-1.069538907,9804.601981,18.26
da_ret,eGARCH,2,2,0,1,std,-1.063807037,9749.895221,11.619
da_ret,eGARCH,2,1,0,1,sstd,-1.061015695,9724.372585,19.089
da_ret,eGARCH,2,1,0,1,std,-1.055191079,9668.817777,12.01
da_ret,gjrGARCH,2,2,0,1,sstd,-1.051311439,9637.939128,24.84
da_ret,eGARCH,1,2,0,1,sstd,-1.051412366,9634.267115,14.318
da_ret,eGARCH,1,2,0,1,std,-1.047662346,9597.681337,8.582
da_ret,eGARCH,1,1,0,1,sstd,-1.045195615,9575.126782,11.293
da_ret,gjrGARCH,2,2,0,1,std,-1.044341239,9571.909699,14.939
da_ret,eGARCH,1,1,0,1,std,-1.040242042,9527.536298,7.023
da_ret,csGARCH,2,2,0,1,sstd,-1.034432649,9483.60791,17.89
da_ret,csGARCH,2,1,0,1,sstd,-1.03468391,9483.60791,16.759
da_ret,gjrGARCH,1,2,0,1,sstd,-1.034861351,9482.932907,18.265
da_ret,sGARCH,2,2,0,1,sstd,-1.032836991,9464.423166,16.135
da_ret,csGARCH,1,1,0,1,sstd,-1.031740495,9454.397362,12.827
da_ret,csGARCH,1,2,0,1,sstd,-1.031445776,9454.000032,15.128
da_ret,sGARCH,1,2,0,1,sstd,-1.029890676,9435.186075,13.106
da_ret,gjrGARCH,1,2,0,1,std,-1.029060708,9427.597266,12.049
da_ret,csGARCH,2,1,0,1,std,-1.024455192,9387.784186,9.612
da_ret,csGARCH,2,2,0,1,std,-1.024203922,9387.784138,10.348
da_ret,eGARCH,2,2,1,1,snorm,-1.022279998,9372.49015,10.75
da_ret,sGARCH,2,2,0,1,std,-1.022826197,9370.592014,9.414
da_ret,csGARCH,1,1,0,1,std,-1.021647204,9359.811892,7.665
da_ret,csGARCH,1,2,0,1,std,-1.021355369,9359.440957,9.199
da_ret,sGARCH,1,2,0,1,std,-1.019956826,9342.058433,8.133
da_ret,eGARCH,2,2,1,1,norm,-1.017008751,9321.995094,8.07
da_ret,sGARCH,1,1,1,1,sstd,-1.016898079,9316.388263,10.56
da_ret,sGARCH,2,1,1,1,sstd,-1.016625402,9316.192506,12.277
da_ret,sGARCH,1,1,1,1,std,-1.016872311,9313.855167,6.372
da_ret,sGARCH,2,1,1,1,std,-1.016598944,9313.653127,7.11
da_ret,eGARCH,2,2,1,0,snorm,-1.01275639,9283.113632,9.441
da_ret,eGARCH,1,2,1,1,snorm,-1.009337763,9249.557975,8.811
da_ret,eGARCH,1,2,1,0,snorm,-1.008592501,9240.446217,7.052
da_ret,sGARCH,1,1,1,0,sstd,-1.008780055,9239.863619,9.57
da_ret,sGARCH,2,1,1,0,sstd,-1.008507311,9239.66728,11.262
da_ret,sGARCH,1,1,1,0,std,-1.008510383,9235.100357,5.033
da_ret,sGARCH,2,1,1,0,std,-1.008236577,9234.894337,5.885
da_ret,eGARCH,2,2,1,0,norm,-0.999336215,9158.108827,6.517
da_ret,eGARCH,1,1,1,1,snorm,-0.996676372,9131.491084,6.379
da_ret,eGARCH,2,1,1,1,norm,-0.994975512,9118.236739,7.692
da_ret,eGARCH,1,1,1,0,snorm,-0.995183862,9115.546836,5.472
da_ret,eGARCH,1,2,1,1,norm,-0.994496726,9111.561492,5.903
da_ret,gjrGARCH,2,2,1,1,snorm,-0.991729187,9093.148805,15.451
da_ret,eGARCH,1,2,1,0,norm,-0.992578094,9091.720992,4.972
da_ret,eGARCH,2,1,1,1,snorm,-0.990515585,9079.754833,8.822
da_ret,gjrGARCH,2,2,1,0,snorm,-0.99002827,9075.299065,12.939
da_ret,gjrGARCH,1,2,1,1,snorm,-0.987351883,9048.53008,10.098
da_ret,gjrGARCH,1,2,1,0,snorm,-0.984888358,9023.707378,8.334
da_ret,eGARCH,2,2,0,1,snorm,-0.981875427,9000.753542,9.222
da_ret,eGARCH,2,1,1,0,snorm,-0.980745085,8988.120829,9.472
da_ret,eGARCH,1,1,1,1,norm,-0.980776386,8983.812073,4.811
da_ret,eGARCH,2,1,1,0,norm,-0.979940735,8978.468789,6.489
da_ret,csGARCH,2,2,1,1,snorm,-0.976595795,8954.776638,9.515
da_ret,csGARCH,2,1,1,1,snorm,-0.976846713,8954.773496,8.09
da_ret,eGARCH,1,1,1,0,norm,-0.97765919,8953.012477,3.814
da_ret,gjrGARCH,2,2,1,1,norm,-0.976523603,8951.819144,12.004
da_ret,csGARCH,2,1,1,0,snorm,-0.975633001,8941.378487,7.039
da_ret,csGARCH,2,2,1,0,snorm,-0.975381734,8941.378466,7.992
da_ret,eGARCH,2,2,0,1,norm,-0.975226478,8937.661446,7.014
da_ret,csGARCH,1,1,1,1,snorm,-0.973290186,8919.956958,7.259
da_ret,csGARCH,1,2,1,1,snorm,-0.973028728,8919.863753,8.288
da_ret,gjrGARCH,1,2,1,1,norm,-0.973419298,8918.840031,7.669
da_ret,gjrGARCH,2,2,1,0,norm,-0.97291272,8916.505593,10.329
da_ret,csGARCH,1,1,1,0,snorm,-0.971027429,8896.969981,5.816
da_ret,csGARCH,1,2,1,0,snorm,-0.970765322,8896.870864,6.649
da_ret,gjrGARCH,1,2,1,0,norm,-0.969347445,8879.311553,6.664
da_ret,sGARCH,2,1,1,1,snorm,-0.964663436,8838.780806,7.364
da_ret,sGARCH,2,2,1,1,snorm,-0.964412167,8838.78079,8.134
da_ret,sGARCH,2,1,1,0,snorm,-0.963158024,8822.718581,5.646
da_ret,sGARCH,2,2,1,0,snorm,-0.962906752,8822.718566,6.331
da_ret,sGARCH,1,2,1,1,snorm,-0.962428718,8818.347662,6.251
da_ret,sGARCH,1,1,1,1,snorm,-0.962636679,8817.951661,6.212
da_ret,eGARCH,2,1,0,1,snorm,-0.960634131,8804.236316,7.536
da_ret,sGARCH,1,2,1,0,snorm,-0.960176209,8795.454359,5.392
da_ret,sGARCH,1,1,1,0,snorm,-0.960379975,8795.019974,4.965
da_ret,csGARCH,2,2,1,1,norm,-0.957247456,8775.567694,7.614
da_ret,csGARCH,2,1,1,1,norm,-0.957498719,8775.567682,6.409
da_ret,eGARCH,2,1,0,1,norm,-0.955454071,8754.574977,5.939
da_ret,csGARCH,1,1,1,1,norm,-0.955318864,8753.338713,5.618
da_ret,csGARCH,1,2,1,1,norm,-0.95505867,8753.257092,6.547
da_ret,csGARCH,2,1,1,0,norm,-0.953551285,8737.176856,5.458
da_ret,csGARCH,2,2,1,0,norm,-0.953300017,8737.176848,6.541
da_ret,gjrGARCH,2,1,0,1,sstd,-0.952018535,8727.757048,16.56
da_ret,gjrGARCH,1,1,0,1,sstd,-0.952345274,8726.149693,12.256
da_ret,sGARCH,1,1,0,1,sstd,-0.952001369,8720.70771,9.402
da_ret,sGARCH,2,1,0,1,sstd,-0.951739242,8720.608443,10.12
da_ret,csGARCH,1,1,1,0,norm,-0.950630839,8708.176268,4.224
da_ret,csGARCH,1,2,1,0,norm,-0.950370099,8708.089682,5.396
da_ret,gjrGARCH,1,1,0,1,std,-0.947054308,8675.474252,7.353
da_ret,gjrGARCH,2,1,0,1,std,-0.946530378,8675.278654,10.15
da_ret,sGARCH,1,1,0,1,std,-0.946254577,8665.864401,5.035
da_ret,sGARCH,2,1,0,1,std,-0.945991267,8665.754339,6.16
da_ret,sGARCH,2,2,1,1,norm,-0.944969752,8658.711608,6.356
da_ret,sGARCH,1,2,1,1,norm,-0.943888531,8646.527974,5.035
da_ret,sGARCH,2,2,1,0,norm,-0.940224905,8613.029613,5.352
da_ret,sGARCH,1,2,1,0,norm,-0.938747237,8597.221036,4.453
da_ret,gjrGARCH,2,2,0,1,snorm,-0.922237893,8455.457747,12.069
da_ret,gjrGARCH,2,1,0,1,snorm,-0.922476343,8455.340585,11.244
da_ret,csGARCH,2,1,0,1,snorm,-0.909472495,8336.439897,6.808
da_ret,csGARCH,2,2,0,1,snorm,-0.909221089,8336.438604,7.509
da_ret,eGARCH,1,2,0,1,snorm,-0.908119429,8321.770679,6.942
da_ret,csGARCH,1,1,0,1,snorm,-0.906601276,8307.889444,5.633
da_ret,csGARCH,1,2,0,1,snorm,-0.906331387,8307.719182,6.691
da_ret,eGARCH,1,1,0,1,snorm,-0.904259784,8284.18253,5.697
da_ret,gjrGARCH,2,2,0,1,norm,-0.900716036,8256.375214,9.108
da_ret,gjrGARCH,2,1,0,1,norm,-0.900967293,8256.375125,8.27
da_ret,sGARCH,2,2,0,1,snorm,-0.897667918,8226.207285,6.812
da_ret,gjrGARCH,1,2,0,1,snorm,-0.89620921,8212.869588,8.824
da_ret,sGARCH,1,2,0,1,snorm,-0.895675359,8205.69084,5.637
da_ret,eGARCH,1,2,0,1,norm,-0.89526675,8201.954715,4.848
da_ret,eGARCH,1,1,0,1,norm,-0.888609705,8138.788511,4.049
da_ret,csGARCH,2,1,0,1,norm,-0.886681875,8125.756402,5.337
da_ret,csGARCH,2,2,0,1,norm,-0.886430604,8125.756372,6.03
da_ret,csGARCH,1,1,0,1,norm,-0.884930468,8107.444925,4.469
da_ret,csGARCH,1,2,0,1,norm,-0.884662059,8107.28822,5.567
da_ret,gjrGARCH,2,1,1,1,snorm,-0.872356388,7999.366213,9.662
da_ret,gjrGARCH,1,1,1,1,snorm,-0.872756256,7998.42751,6.972
da_ret,gjrGARCH,2,1,1,1,norm,-0.867354625,7951.335155,7.325
da_ret,gjrGARCH,1,1,1,1,norm,-0.867518025,7948.234253,4.823
da_ret,sGARCH,2,1,1,1,norm,-0.86436462,7919.401095,3.999
da_ret,sGARCH,1,1,1,1,norm,-0.864603623,7919.2889,3.375
da_ret,gjrGARCH,2,1,1,0,snorm,-0.861851068,7901.01338,8.002
da_ret,gjrGARCH,1,1,1,0,snorm,-0.862298775,7900.512039,5.462
da_ret,gjrGARCH,2,1,1,0,norm,-0.8550118,7836.18107,5.94
da_ret,gjrGARCH,1,1,1,0,norm,-0.85544432,7835.540811,3.818
da_ret,sGARCH,2,1,1,0,norm,-0.853050773,7813.655412,3.478
da_ret,sGARCH,1,1,1,0,norm,-0.853287368,7813.521179,2.546
da_ret,gjrGARCH,1,1,0,1,snorm,-0.848425271,7773.65966,5.628
da_ret,gjrGARCH,1,2,0,1,norm,-0.840134853,7697.856223,5.181
da_ret,gjrGARCH,1,1,0,1,norm,-0.838962065,7684.835317,4.059
da_ret,sGARCH,2,1,0,1,snorm,-0.837995714,7678.297003,4.306
da_ret,sGARCH,1,1,0,1,snorm,-0.838242346,7678.254567,3.515
da_ret,sGARCH,1,2,0,1,norm,-0.833058637,7630.857318,3.629
da_ret,sGARCH,2,2,0,1,norm,-0.832807362,7630.857304,4.043
da_ret,sGARCH,2,1,0,1,norm,-0.825647528,7563.093847,3.368
da_ret,sGARCH,1,1,0,1,norm,-0.82589469,7563.056231,2.517
da_ret,eGARCH,2,2,0,0,sstd,-0.809682653,7426.308913,14.961
da_ret,eGARCH,2,2,0,0,std,-0.80320753,7364.806193,8.829
da_ret,eGARCH,2,1,0,0,sstd,-0.792116878,7263.398817,15.988
da_ret,eGARCH,1,2,0,0,sstd,-0.78710183,7215.246262,10.942
da_ret,eGARCH,1,1,0,0,sstd,-0.786778473,7209.992161,9.531
da_ret,eGARCH,2,1,0,0,std,-0.781694189,7165.8015,6.5
da_ret,eGARCH,1,2,0,0,std,-0.772398071,7078.50495,6.623
da_ret,eGARCH,1,1,0,0,std,-0.771215193,7065.39179,6.324
da_ret,csGARCH,2,1,0,0,sstd,-0.768465018,7047.13803,15.501
da_ret,csGARCH,2,2,0,0,sstd,-0.768213742,7047.137932,17.285
da_ret,gjrGARCH,2,1,0,0,sstd,-0.767741712,7040.52449,22.719
da_ret,csGARCH,1,1,0,0,sstd,-0.767494735,7035.968792,11.641
da_ret,csGARCH,1,2,0,0,sstd,-0.767141483,7035.036291,13.73
da_ret,sGARCH,2,2,0,0,sstd,-0.766625559,7028.021475,13.835
da_ret,gjrGARCH,2,2,0,0,sstd,-0.765968818,7026.611467,24.288
da_ret,gjrGARCH,1,2,0,0,sstd,-0.766324594,7025.269608,13.974
da_ret,gjrGARCH,1,1,0,0,sstd,-0.766513066,7024.695408,12.498
da_ret,sGARCH,1,2,0,0,sstd,-0.765969291,7019.723401,12.145
da_ret,gjrGARCH,2,2,0,0,std,-0.747652101,6856.835132,12.518
da_ret,eGARCH,2,2,0,0,snorm,-0.746361364,6845.033275,6.934
da_ret,csGARCH,2,1,0,0,std,-0.745957302,6839.041269,8.218
da_ret,csGARCH,2,2,0,0,std,-0.745664464,6838.661168,9.643
da_ret,csGARCH,1,1,0,0,std,-0.745578711,6833.282134,6.597
da_ret,gjrGARCH,1,2,0,0,std,-0.7454855,6832.429858,7.194
da_ret,csGARCH,1,2,0,0,std,-0.745233655,6832.424607,7.399
da_ret,gjrGARCH,1,1,0,0,std,-0.745681671,6831.926032,7.137
da_ret,sGARCH,1,2,0,0,std,-0.744433382,6820.512304,6.354
da_ret,sGARCH,2,2,0,0,std,-0.743695557,6816.063517,7.418
da_ret,eGARCH,2,2,0,0,norm,-0.742148464,6804.21516,4.825
da_ret,eGARCH,2,1,0,0,snorm,-0.726898537,6664.777457,5.486
da_ret,eGARCH,2,1,0,0,norm,-0.723101858,6627.765026,3.834
da_ret,csGARCH,2,1,0,0,snorm,-0.667102099,6118.028724,4.897
da_ret,csGARCH,2,2,0,0,snorm,-0.666850829,6118.0287,5.599
da_ret,csGARCH,1,1,0,0,snorm,-0.666869617,6113.605531,4.041
da_ret,csGARCH,1,2,0,0,snorm,-0.666595839,6113.399737,4.732
da_ret,eGARCH,1,2,0,0,snorm,-0.666564681,6110.817354,5.127
da_ret,gjrGARCH,2,1,0,0,std,-0.662048356,6071.819822,8.713
da_ret,gjrGARCH,1,2,0,0,snorm,-0.653705876,5993.242868,6.341
da_ret,gjrGARCH,1,1,0,0,snorm,-0.653917499,5992.880327,5.33
da_ret,sGARCH,2,2,0,0,snorm,-0.653055502,5987.29617,4.555
da_ret,sGARCH,1,2,0,0,snorm,-0.653306764,5987.296068,3.861
da_ret,sGARCH,1,1,0,0,sstd,-0.643502683,5897.652453,6.799
da_ret,sGARCH,2,1,0,0,sstd,-0.643243531,5897.580421,7.852
da_ret,csGARCH,2,1,0,0,norm,-0.635512075,5826.887852,3.503
da_ret,csGARCH,2,2,0,0,norm,-0.635260798,5826.887791,4.439
da_ret,csGARCH,1,1,0,0,norm,-0.635717092,5826.464902,3.375
da_ret,csGARCH,1,2,0,0,norm,-0.635445281,5826.277119,3.677
da_ret,gjrGARCH,2,2,0,0,norm,-0.63440638,5819.075417,6.914
da_ret,sGARCH,1,1,0,0,std,-0.623457223,5712.069252,3.445
da_ret,sGARCH,2,1,0,0,std,-0.623197832,5711.995053,4.03
da_ret,gjrGARCH,1,2,0,0,norm,-0.619233171,5675.744169,4.542
da_ret,gjrGARCH,2,2,0,0,snorm,-0.616597414,5658.536601,8.913
da_ret,eGARCH,1,1,0,0,snorm,-0.617151218,5656.707835,3.908
da_ret,sGARCH,1,2,0,0,norm,-0.617109974,5654.033174,3.464
da_ret,sGARCH,2,2,0,0,norm,-0.616858696,5654.033161,3.589
da_ret,gjrGARCH,2,1,0,0,snorm,-0.614989583,5641.537936,7.185
da_ret,eGARCH,1,2,0,0,norm,-0.592254018,5429.060284,3.67
da_ret,eGARCH,1,1,0,0,norm,-0.5902498,5408.437177,2.493
da_ret,gjrGARCH,1,1,0,0,norm,-0.572268251,5244.022881,2.819
da_ret,gjrGARCH,2,1,0,0,norm,-0.571761466,5243.984156,4.703
da_ret,sGARCH,1,1,0,0,snorm,-0.552554696,5063.771994,2.381
da_ret,sGARCH,2,1,0,0,snorm,-0.552302136,5063.760255,2.902
da_ret,sGARCH,1,1,0,0,norm,-0.527358448,4831.092529,1.71
da_ret,sGARCH,2,1,0,0,norm,-0.527105779,4831.079817,2.107
rt_ret,gjrGARCH,1,2,1,1,sstd,0.623543476,-5678.3942,18.875
rt_ret,eGARCH,2,2,1,1,sstd,0.626509414,-5700.918463,23.088
rt_ret,sGARCH,2,2,1,1,sstd,0.626157261,-5702.293335,18.53
rt_ret,sGARCH,2,1,1,1,sstd,0.626062192,-5703.721507,15.594
rt_ret,eGARCH,2,1,1,1,sstd,0.626703387,-5704.989432,19.173
rt_ret,sGARCH,1,1,1,1,sstd,0.626395071,-5709.062648,12.382
rt_ret,sGARCH,1,2,1,1,sstd,0.62667059,-5709.2844,14.86
rt_ret,eGARCH,2,2,1,1,std,0.627408336,-5711.43514,15.521
rt_ret,eGARCH,1,2,1,1,sstd,0.627169656,-5711.55017,15.561
rt_ret,eGARCH,2,1,1,1,std,0.627490985,-5714.488246,12.418
rt_ret,eGARCH,1,1,1,1,sstd,0.627272739,-5714.79015,13.177
rt_ret,eGARCH,1,2,1,1,std,0.627916201,-5720.673642,11.681
rt_ret,eGARCH,1,1,1,1,std,0.628020361,-5723.923494,10.349
rt_ret,eGARCH,2,2,0,1,sstd,0.629383724,-5729.4971,20.167
rt_ret,eGARCH,2,2,1,0,sstd,0.629497639,-5730.538681,20.256
rt_ret,eGARCH,2,1,0,1,sstd,0.629596572,-5733.740676,16.635
rt_ret,eGARCH,2,1,1,0,sstd,0.629710375,-5734.781233,16.154
rt_ret,eGARCH,2,2,0,0,sstd,0.630064044,-5738.015009,17.006
rt_ret,eGARCH,1,2,0,1,sstd,0.630081319,-5740.470398,13.373
rt_ret,eGARCH,2,2,0,1,std,0.630385568,-5740.954863,13.605
rt_ret,eGARCH,1,2,1,0,sstd,0.630173133,-5741.3099,13.808
rt_ret,eGARCH,2,2,1,0,std,0.63050024,-5742.003366,13.376
rt_ret,eGARCH,2,1,0,0,sstd,0.630277557,-5742.2647,12.872
rt_ret,eGARCH,2,1,0,1,std,0.630420389,-5743.570688,10.89
rt_ret,eGARCH,1,1,0,1,sstd,0.630247747,-5744.289594,11.213
rt_ret,eGARCH,2,1,1,0,std,0.630534636,-5744.615306,10.567
rt_ret,eGARCH,1,1,1,0,sstd,0.630345132,-5745.180034,11.406
rt_ret,eGARCH,1,2,0,0,sstd,0.630565129,-5747.191579,10.315
rt_ret,eGARCH,1,2,0,1,std,0.630808169,-5749.413815,11.636
rt_ret,eGARCH,2,2,0,0,std,0.631085062,-5749.648122,11.943
rt_ret,eGARCH,1,2,1,0,std,0.630896433,-5750.220853,10.275
rt_ret,eGARCH,1,1,0,0,sstd,0.630749352,-5751.173511,8.119
rt_ret,eGARCH,2,1,0,0,std,0.631117225,-5752.239664,8.027
rt_ret,eGARCH,1,1,0,1,std,0.630965087,-5753.146079,6.596
rt_ret,eGARCH,1,1,1,0,std,0.631059507,-5754.00941,7.187
rt_ret,eGARCH,1,2,0,0,std,0.631302644,-5756.232536,7.617
rt_ret,eGARCH,1,1,0,0,std,0.631480838,-5760.159373,5.063
rt_ret,gjrGARCH,2,2,1,1,sstd,0.635072916,-5779.218846,30.574
rt_ret,gjrGARCH,2,1,1,1,sstd,0.634966408,-5780.542363,26.703
rt_ret,gjrGARCH,2,2,1,1,std,0.635749198,-5787.699806,18.506
rt_ret,gjrGARCH,2,1,1,1,std,0.635620262,-5788.818289,16.884
rt_ret,gjrGARCH,1,1,1,1,sstd,0.63556988,-5790.655055,17.124
rt_ret,gjrGARCH,1,1,1,1,std,0.636105785,-5797.852567,10.229
rt_ret,gjrGARCH,1,2,1,1,std,0.636382232,-5798.082796,11.7
rt_ret,gjrGARCH,2,2,0,1,sstd,0.637908909,-5807.447127,24.633
rt_ret,gjrGARCH,2,1,0,1,sstd,0.637764254,-5808.421881,22.452
rt_ret,gjrGARCH,2,1,1,0,sstd,0.637810588,-5808.845531,23.01
rt_ret,csGARCH,2,2,1,1,sstd,0.638350917,-5809.191249,21.037
rt_ret,csGARCH,2,1,1,1,sstd,0.638149928,-5809.650881,17.557
rt_ret,gjrGARCH,2,2,0,0,sstd,0.637987784,-5810.465724,20.574
rt_ret,csGARCH,2,2,1,1,std,0.638239802,-5810.472643,12.903
rt_ret,csGARCH,2,1,1,1,std,0.638035634,-5810.903243,11.142
rt_ret,gjrGARCH,2,1,0,0,sstd,0.637846378,-5811.470219,18.615
rt_ret,gjrGARCH,2,2,1,0,std,0.638700956,-5816.986611,16.37
rt_ret,gjrGARCH,2,1,0,1,std,0.638472492,-5817.195089,14.257
rt_ret,gjrGARCH,2,1,1,0,std,0.638521434,-5817.642587,14.571
rt_ret,csGARCH,1,1,1,1,sstd,0.638937927,-5819.153362,15.696
rt_ret,gjrGARCH,2,2,0,0,std,0.638743699,-5819.674873,13.116
rt_ret,gjrGARCH,1,1,0,1,sstd,0.63849898,-5819.734742,14.034
rt_ret,csGARCH,1,2,1,1,sstd,0.639255104,-5819.75606,18.19
rt_ret,gjrGARCH,1,2,0,1,sstd,0.638775154,-5819.962479,15.666
rt_ret,gjrGARCH,1,1,1,0,sstd,0.638546155,-5820.166091,13.997
rt_ret,csGARCH,1,1,1,1,std,0.638802649,-5820.213876,9.406
rt_ret,gjrGARCH,2,1,0,0,std,0.6385681,-5820.36674,11.132
rt_ret,gjrGARCH,1,2,1,0,sstd,0.638822293,-5820.393491,16.353
rt_ret,csGARCH,1,2,1,1,std,0.639119845,-5820.816724,10.78
rt_ret,gjrGARCH,1,1,0,0,sstd,0.638562335,-5822.61152,11.158
rt_ret,gjrGARCH,1,2,0,0,sstd,0.638838289,-5822.837216,12.552
rt_ret,gjrGARCH,2,2,0,1,std,0.639774003,-5826.798015,18.927
rt_ret,gjrGARCH,1,1,0,1,std,0.63902391,-5826.831931,8.923
rt_ret,gjrGARCH,1,2,0,1,std,0.639300077,-5827.059574,10.13
rt_ret,gjrGARCH,1,1,1,0,std,0.639072474,-5827.27598,9.368
rt_ret,gjrGARCH,1,2,1,0,std,0.639348604,-5827.503284,9.657
rt_ret,sGARCH,2,2,1,1,std,0.639654159,-5827.999658,11.343
rt_ret,sGARCH,2,1,1,1,std,0.639486886,-5828.767665,9.317
rt_ret,gjrGARCH,1,1,0,0,std,0.639098212,-5829.808826,6.188
rt_ret,gjrGARCH,1,2,0,0,std,0.639374156,-5830.034403,7.377
rt_ret,sGARCH,1,1,1,1,std,0.64009684,-5836.642261,7.556
rt_ret,sGARCH,1,2,1,1,std,0.640372003,-5836.860727,8.572
rt_ret,csGARCH,2,2,0,1,sstd,0.641190752,-5837.454653,18.019
rt_ret,csGARCH,2,2,1,0,sstd,0.64121175,-5837.646654,17.731
rt_ret,csGARCH,2,1,0,1,sstd,0.640962205,-5837.662347,15.392
rt_ret,csGARCH,2,1,1,0,sstd,0.640983049,-5837.852931,16.207
rt_ret,csGARCH,2,2,0,0,sstd,0.641074554,-5838.689606,14.025
rt_ret,csGARCH,2,1,0,0,sstd,0.640845397,-5838.891748,11.841
rt_ret,csGARCH,2,2,0,1,std,0.641099935,-5838.921677,11.049
rt_ret,csGARCH,2,1,0,1,std,0.640869758,-5839.114486,9.303
rt_ret,csGARCH,2,2,1,0,std,0.641125453,-5839.154999,11.108
rt_ret,csGARCH,2,1,1,0,std,0.640895179,-5839.346927,9.328
rt_ret,csGARCH,2,2,0,0,std,0.64101691,-5840.459976,8.337
rt_ret,csGARCH,2,1,0,0,std,0.640786067,-5840.646723,6.82
rt_ret,csGARCH,1,1,0,1,sstd,0.641910751,-5848.63281,13.187
rt_ret,csGARCH,1,1,1,0,sstd,0.64193815,-5848.883332,13.087
rt_ret,csGARCH,1,2,0,1,sstd,0.642226957,-5849.226606,15.129
rt_ret,csGARCH,1,2,1,0,sstd,0.642254246,-5849.476121,16.058
rt_ret,csGARCH,1,1,0,1,std,0.641786451,-5849.793734,7.872
rt_ret,csGARCH,1,1,1,0,std,0.641818689,-5850.088505,7.66
rt_ret,csGARCH,1,1,0,0,sstd,0.641823233,-5850.130049,10.492
rt_ret,csGARCH,1,2,0,1,std,0.642102708,-5850.387969,9.054
rt_ret,csGARCH,1,2,1,0,std,0.642134837,-5850.681736,8.991
rt_ret,csGARCH,1,2,0,0,sstd,0.642138818,-5850.718138,12.131
rt_ret,csGARCH,1,1,0,0,std,0.641731927,-5851.592687,5.633
rt_ret,csGARCH,1,2,0,0,std,0.642047511,-5852.180734,6.604
rt_ret,sGARCH,2,2,0,1,sstd,0.642681911,-5855.683915,14.699
rt_ret,sGARCH,2,2,1,0,sstd,0.642702675,-5855.873763,15.549
rt_ret,sGARCH,2,1,0,1,sstd,0.642473024,-5856.071416,12.759
rt_ret,sGARCH,2,1,1,0,sstd,0.642493824,-5856.261603,12.91
rt_ret,sGARCH,2,2,0,0,sstd,0.642561659,-5856.881853,11.806
rt_ret,sGARCH,2,2,0,1,std,0.642585912,-5857.103603,9.052
rt_ret,sGARCH,2,1,0,0,sstd,0.642352785,-5857.269496,9.719
rt_ret,sGARCH,2,2,1,0,std,0.642611276,-5857.335521,8.917
rt_ret,sGARCH,2,1,0,1,std,0.642375295,-5857.475323,7.392
rt_ret,sGARCH,2,1,1,0,std,0.642400708,-5857.707687,7.447
rt_ret,sGARCH,2,2,0,0,std,0.642498111,-5858.598284,7.137
rt_ret,sGARCH,2,1,0,0,std,0.642287561,-5858.97064,5.467
rt_ret,sGARCH,1,1,0,1,sstd,0.643291647,-5865.853988,10.695
rt_ret,sGARCH,1,2,0,1,sstd,0.643566444,-5866.069099,11.99
rt_ret,sGARCH,1,1,1,0,sstd,0.643318904,-5866.103208,10.329
rt_ret,sGARCH,1,2,1,0,sstd,0.643593673,-5866.318071,11.697
rt_ret,sGARCH,1,1,0,1,std,0.643159077,-5866.939348,5.988
rt_ret,sGARCH,1,2,0,1,std,0.643433888,-5867.154567,7.002
rt_ret,sGARCH,1,1,1,0,std,0.643191053,-5867.231719,5.915
rt_ret,sGARCH,1,1,0,0,sstd,0.643200459,-5867.317722,7.834
rt_ret,sGARCH,1,2,1,0,std,0.643465835,-5867.446675,6.821
rt_ret,sGARCH,1,2,0,0,sstd,0.643475115,-5867.531522,8.633
rt_ret,sGARCH,1,1,0,0,std,0.643099477,-5868.691936,4.54
rt_ret,sGARCH,1,2,0,0,std,0.643374136,-5868.905738,4.561
rt_ret,gjrGARCH,2,2,1,0,sstd,0.666852055,-6072.088779,27.385
rt_ret,csGARCH,2,1,1,1,snorm,0.758192445,-6909.557042,8.657
rt_ret,csGARCH,2,2,1,1,snorm,0.758443709,-6909.557066,9.319
rt_ret,csGARCH,1,1,1,1,snorm,0.758447185,-6914.183698,7.412
rt_ret,csGARCH,1,2,1,1,snorm,0.758753933,-6914.691011,8.538
rt_ret,csGARCH,2,2,1,1,norm,0.758774809,-6914.881887,7.982
rt_ret,csGARCH,2,1,1,1,norm,0.758523545,-6914.881892,6.826
rt_ret,csGARCH,1,1,1,1,norm,0.758797808,-6919.687081,5.517
rt_ret,csGARCH,1,2,1,1,norm,0.759104759,-6920.196226,6.955
rt_ret,eGARCH,2,2,1,1,snorm,0.766013768,-6978.773907,12.217
rt_ret,eGARCH,2,1,1,1,snorm,0.766589573,-6986.336185,10.103
rt_ret,eGARCH,2,1,1,1,norm,0.767439798,-6996.407648,7.318
rt_ret,eGARCH,2,2,1,1,norm,0.768238145,-7001.409904,9.084
rt_ret,gjrGARCH,2,2,1,1,snorm,0.774313393,-7054.661527,15.677
rt_ret,sGARCH,2,2,1,1,snorm,0.774231683,-7058.509252,8.911
rt_ret,sGARCH,2,1,1,1,snorm,0.77409354,-7059.5436,7.415
rt_ret,gjrGARCH,1,1,1,1,snorm,0.774120116,-7059.786602,9.074
rt_ret,sGARCH,1,1,1,1,snorm,0.773872441,-7059.819476,6.495
rt_ret,gjrGARCH,1,2,1,1,snorm,0.774394536,-7059.998297,10.29
rt_ret,sGARCH,1,2,1,1,snorm,0.774146872,-7060.031244,7.576
rt_ret,gjrGARCH,2,2,1,1,norm,0.775474622,-7067.576631,12.049
rt_ret,sGARCH,2,2,1,1,norm,0.775287128,-7070.457173,7.427
rt_ret,sGARCH,2,1,1,1,norm,0.775164654,-7071.634826,5.88
rt_ret,gjrGARCH,1,1,1,1,norm,0.77518989,-7071.865565,6.95
rt_ret,sGARCH,1,1,1,1,norm,0.774938619,-7071.865587,4.916
rt_ret,gjrGARCH,1,2,1,1,norm,0.775464723,-7072.081014,8.345
rt_ret,sGARCH,1,2,1,1,norm,0.775213455,-7072.08104,5.607
rt_ret,eGARCH,1,1,1,1,norm,0.778426908,-7101.463238,5.608
rt_ret,csGARCH,2,1,0,1,snorm,0.77974829,-7108.950349,6.992
rt_ret,csGARCH,2,2,0,1,snorm,0.779999556,-7108.950362,8.099
rt_ret,csGARCH,2,2,1,0,snorm,0.78000453,-7108.995847,7.829
rt_ret,csGARCH,2,1,1,0,snorm,0.779753268,-7108.99586,7.206
rt_ret,csGARCH,2,2,0,0,snorm,0.779771528,-7109.162827,5.756
rt_ret,csGARCH,2,1,0,0,snorm,0.779520262,-7109.162832,4.782
rt_ret,csGARCH,1,1,0,1,snorm,0.7802102,-7115.471282,5.566
rt_ret,csGARCH,1,1,1,0,snorm,0.780216596,-7115.529763,5.797
rt_ret,csGARCH,1,1,0,0,snorm,0.779987485,-7115.73238,3.718
rt_ret,csGARCH,1,2,0,1,snorm,0.780517616,-7115.984682,6.722
rt_ret,csGARCH,1,2,1,0,snorm,0.780523991,-7116.042974,6.831
rt_ret,csGARCH,1,2,0,0,snorm,0.780294809,-7116.244906,4.742
rt_ret,csGARCH,2,2,0,1,norm,0.781416304,-7124.201837,6.177
rt_ret,csGARCH,2,1,0,1,norm,0.781165037,-7124.20184,5.733
rt_ret,csGARCH,2,2,1,0,norm,0.781416317,-7124.201955,6.281
rt_ret,csGARCH,2,1,1,0,norm,0.781165051,-7124.201964,5.381
rt_ret,csGARCH,2,1,0,0,norm,0.780913826,-7124.202378,3.719
rt_ret,csGARCH,2,2,0,0,norm,0.781165097,-7124.202382,4.831
rt_ret,csGARCH,1,1,0,1,norm,0.781694264,-7131.338311,4.353
rt_ret,csGARCH,1,1,1,0,norm,0.781694356,-7131.339157,4.17
rt_ret,csGARCH,1,1,0,0,norm,0.781443396,-7131.342017,2.78
rt_ret,csGARCH,1,2,0,1,norm,0.782001614,-7131.851077,5.595
rt_ret,csGARCH,1,2,1,0,norm,0.782001705,-7131.85191,5.477
rt_ret,csGARCH,1,2,0,0,norm,0.781750738,-7131.854681,3.697
rt_ret,eGARCH,2,2,0,1,snorm,0.784361948,-7148.837892,10.009
rt_ret,eGARCH,2,2,1,0,snorm,0.784378034,-7148.984979,10.002
rt_ret,eGARCH,2,2,0,0,snorm,0.784178018,-7149.453566,7.553
rt_ret,eGARCH,2,1,0,1,snorm,0.784473434,-7152.1547,8.928
rt_ret,eGARCH,2,1,1,0,snorm,0.784492547,-7152.329462,9.212
rt_ret,eGARCH,2,1,0,0,snorm,0.784304929,-7152.911436,6.989
rt_ret,eGARCH,2,2,1,0,norm,0.786886104,-7174.214947,8.082
rt_ret,eGARCH,2,1,0,1,norm,0.786952293,-7177.117614,6.66
rt_ret,eGARCH,2,1,1,0,norm,0.786965503,-7177.238401,7.313
rt_ret,eGARCH,2,1,0,0,norm,0.786745695,-7177.526073,4.474
rt_ret,eGARCH,2,2,0,1,norm,0.790229971,-7204.789595,7.118
rt_ret,eGARCH,2,2,0,0,norm,0.790000746,-7204.991139,5.05
rt_ret,eGARCH,1,1,1,1,snorm,0.790264026,-7207.398441,7.534
rt_ret,eGARCH,1,2,1,1,snorm,0.790528085,-7207.5154,8.427
rt_ret,eGARCH,1,2,1,1,norm,0.791999629,-7223.267925,6.389
rt_ret,gjrGARCH,2,1,1,1,snorm,0.793714152,-7234.349772,11.114
rt_ret,gjrGARCH,2,1,1,1,norm,0.793806119,-7237.488111,8.207
rt_ret,eGARCH,1,2,0,1,snorm,0.793900456,-7240.648141,7.407
rt_ret,eGARCH,1,1,0,1,snorm,0.793679086,-7240.92153,6.29
rt_ret,eGARCH,1,2,1,0,snorm,0.793956446,-7241.160088,7.605
rt_ret,eGARCH,1,1,1,0,snorm,0.793738419,-7241.464043,6.326
rt_ret,eGARCH,1,2,0,0,snorm,0.793943367,-7243.337989,5.013
rt_ret,eGARCH,1,1,0,0,snorm,0.7937361,-7243.740352,4.229
rt_ret,gjrGARCH,1,1,0,1,snorm,0.794611778,-7249.449599,7.415
rt_ret,gjrGARCH,1,1,1,0,snorm,0.794616703,-7249.494629,7.256
rt_ret,gjrGARCH,1,1,0,0,snorm,0.794381263,-7249.639404,5.214
rt_ret,gjrGARCH,1,2,0,1,snorm,0.794885402,-7249.653996,8.723
rt_ret,gjrGARCH,1,2,1,0,snorm,0.794890311,-7249.698881,8.651
rt_ret,gjrGARCH,1,2,0,0,snorm,0.794654824,-7249.843197,6.225
rt_ret,sGARCH,2,2,0,1,snorm,0.795000713,-7250.708338,7.111
rt_ret,sGARCH,2,2,1,0,snorm,0.795004042,-7250.738773,7.666
rt_ret,sGARCH,2,2,0,0,snorm,0.794763629,-7250.838049,5.245
rt_ret,sGARCH,2,1,0,1,snorm,0.794775317,-7250.944919,5.435
rt_ret,sGARCH,2,1,1,0,snorm,0.794778256,-7250.971796,5.929
rt_ret,sGARCH,2,1,0,0,snorm,0.794538094,-7251.073385,4.326
rt_ret,sGARCH,1,1,0,1,snorm,0.794930166,-7254.658296,4.75
rt_ret,sGARCH,1,1,1,0,snorm,0.7949349,-7254.701586,4.362
rt_ret,sGARCH,1,1,0,0,snorm,0.794698347,-7254.836204,3.345
rt_ret,sGARCH,1,2,0,1,snorm,0.795203727,-7254.862092,5.531
rt_ret,sGARCH,1,2,1,0,snorm,0.795208447,-7254.905242,5.509
rt_ret,sGARCH,1,2,0,0,snorm,0.79497185,-7255.039435,4.038
rt_ret,eGARCH,1,2,0,1,norm,0.795478651,-7257.375856,5.101
rt_ret,eGARCH,1,1,0,1,norm,0.795246351,-7257.549339,4.053
rt_ret,eGARCH,1,2,1,0,norm,0.795524733,-7257.797205,5.153
rt_ret,eGARCH,1,1,1,0,norm,0.795294719,-7257.991587,4.34
rt_ret,eGARCH,1,2,0,0,norm,0.795442405,-7259.341956,3.691
rt_ret,eGARCH,1,1,0,0,norm,0.795219119,-7259.597881,2.797
rt_ret,gjrGARCH,1,1,0,1,norm,0.796679066,-7270.649362,5.896
rt_ret,gjrGARCH,1,1,1,0,norm,0.796679611,-7270.654348,5.681
rt_ret,gjrGARCH,1,1,0,0,norm,0.796430049,-7270.670023,4.002
rt_ret,gjrGARCH,1,2,0,1,norm,0.79695271,-7270.853913,6.786
rt_ret,gjrGARCH,1,2,1,0,norm,0.79695325,-7270.85885,6.525
rt_ret,gjrGARCH,1,2,0,0,norm,0.796703675,-7270.874374,4.604
rt_ret,sGARCH,2,2,0,1,norm,0.797182557,-7272.955523,5.962
rt_ret,sGARCH,2,2,1,0,norm,0.797182701,-7272.956838,5.831
rt_ret,sGARCH,2,2,0,0,norm,0.796931885,-7272.961014,4.167
rt_ret,sGARCH,2,1,0,1,norm,0.79696449,-7273.259144,4.553
rt_ret,sGARCH,2,1,1,0,norm,0.796964616,-7273.260295,4.201
rt_ret,sGARCH,2,1,0,0,norm,0.79671374,-7273.263952,3.016
rt_ret,sGARCH,1,1,0,1,norm,0.797159861,-7277.34306,3.708
rt_ret,sGARCH,1,1,1,0,norm,0.797159869,-7277.343129,3.608
rt_ret,sGARCH,1,1,0,0,norm,0.796908612,-7277.343338,2.009
rt_ret,sGARCH,1,2,0,1,norm,0.797433441,-7277.546993,4.606
rt_ret,sGARCH,1,2,1,0,norm,0.797433449,-7277.547067,4.684
rt_ret,sGARCH,1,2,0,0,norm,0.797182198,-7277.547294,3.117
rt_ret,gjrGARCH,2,2,0,1,snorm,0.819854597,-7473.364934,11.088
rt_ret,gjrGARCH,2,2,1,0,snorm,0.819870319,-7473.508682,11.522
rt_ret,gjrGARCH,2,2,0,0,snorm,0.81967468,-7474.017293,8.158
rt_ret,gjrGARCH,2,2,0,1,norm,0.820635019,-7482.798153,8.271
rt_ret,gjrGARCH,2,2,1,0,norm,0.820667091,-7483.091402,7.917
rt_ret,gjrGARCH,2,2,0,0,norm,0.820531298,-7484.147246,6.233
rt_ret,gjrGARCH,2,1,0,1,snorm,0.821416476,-7489.943403,8.962
rt_ret,gjrGARCH,2,1,1,0,snorm,0.821421044,-7489.985173,9.059
rt_ret,gjrGARCH,2,1,0,0,snorm,0.821187364,-7490.14598,6.904
rt_ret,gjrGARCH,2,1,0,1,norm,0.822081908,-7498.325249,6.756
rt_ret,gjrGARCH,2,1,1,0,norm,0.82210192,-7498.508223,6.334
rt_ret,gjrGARCH,2,1,0,0,norm,0.821928694,-7499.221821,4.606
rt_diff,sGARCH,2,2,1,1,sstd,7.734773687,-70699.92763,18.609
rt_diff,sGARCH,2,1,1,1,sstd,7.734883953,-70703.23329,13.866
rt_diff,sGARCH,1,1,1,1,sstd,7.735069269,-70707.22518,12.16
rt_diff,sGARCH,1,2,1,1,sstd,7.735388426,-70707.84593,13.586
rt_diff,sGARCH,2,1,1,1,std,7.781230973,-71129.30472,8.639
rt_diff,sGARCH,2,2,1,1,std,7.781482201,-71129.30436,9.084
rt_diff,sGARCH,1,1,1,1,std,7.781545186,-71134.47522,7.006
rt_diff,sGARCH,1,2,1,1,std,7.781849789,-71134.96286,8.548
rt_diff,sGARCH,2,1,0,1,sstd,7.854957497,-71803.42319,11.399
rt_diff,sGARCH,2,2,0,1,sstd,7.85520854,-71803.42115,12.059
rt_diff,sGARCH,2,1,1,0,sstd,7.855857579,-71811.65309,10.402
rt_diff,sGARCH,2,2,1,0,sstd,7.856108827,-71811.65292,14.188
rt_diff,sGARCH,1,1,0,1,sstd,7.85683872,-71822.92164,8.567
rt_diff,sGARCH,1,2,0,1,sstd,7.857152372,-71823.49203,10.584
rt_diff,sGARCH,1,1,1,0,sstd,7.857885526,-71832.49312,8.273
rt_diff,sGARCH,1,2,1,0,sstd,7.858199237,-71833.06404,9.442
rt_diff,sGARCH,2,1,0,0,sstd,7.858475925,-71837.89143,7.841
rt_diff,sGARCH,2,2,0,0,sstd,7.85872766,-71837.89568,8.741
rt_diff,sGARCH,1,1,0,0,sstd,7.860470343,-71858.42491,6.027
rt_diff,sGARCH,1,2,0,0,sstd,7.860785283,-71859.00705,7.896
rt_diff,sGARCH,2,1,0,1,std,7.865682118,-71903.78125,6.184
rt_diff,sGARCH,2,1,1,0,std,7.865847561,-71905.29398,6.099
rt_diff,sGARCH,2,2,0,1,std,7.865933076,-71903.7784,7.466
rt_diff,sGARCH,2,2,1,0,std,7.866099135,-71905.29676,6.813
rt_diff,sGARCH,2,1,0,0,std,7.866346685,-71912.15524,4.876
rt_diff,sGARCH,2,2,0,0,std,7.866597888,-71912.1546,4.889
rt_diff,sGARCH,1,1,0,1,std,7.867616229,-71923.76332,5.203
rt_diff,sGARCH,1,1,1,0,std,7.867808347,-71925.51994,4.533
rt_diff,sGARCH,1,2,0,1,std,7.86792375,-71924.27762,5.957
rt_diff,sGARCH,1,2,1,0,std,7.868116155,-71926.03688,5.671
rt_diff,sGARCH,1,1,0,0,std,7.868290512,-71932.22617,3.133
rt_diff,sGARCH,1,2,0,0,std,7.868599501,-71932.75387,4.404
rt_diff,sGARCH,1,1,1,1,snorm,7.889760763,-72123.94434,5.592
rt_diff,sGARCH,1,2,1,1,snorm,7.889767826,-72121.71144,6.251
rt_diff,sGARCH,2,2,1,1,snorm,7.890019105,-72121.71155,7.793
rt_diff,sGARCH,2,1,1,1,snorm,7.890062089,-72124.40203,6.284
rt_diff,sGARCH,1,2,1,1,norm,8.004766018,-73175.4949,4.481
rt_diff,sGARCH,2,2,1,1,norm,8.005017355,-73175.4955,5.262
rt_diff,sGARCH,1,1,1,1,norm,8.008655864,-73213.35922,4.403
rt_diff,sGARCH,2,1,1,1,norm,8.008944827,-73213.70384,5.463
rt_diff,sGARCH,1,2,0,1,snorm,8.045464225,-73547.61895,4.568
rt_diff,sGARCH,2,2,0,1,snorm,8.045715483,-73547.61884,5.197
rt_diff,sGARCH,1,1,0,1,snorm,8.048249892,-73575.38722,3.863
rt_diff,sGARCH,2,1,0,1,snorm,8.048542295,-73575.76328,4.717
rt_diff,sGARCH,1,2,1,0,snorm,8.053053466,-73617.01117,4.934
rt_diff,sGARCH,1,1,1,0,snorm,8.053177495,-73620.44275,3.623
rt_diff,sGARCH,2,2,1,0,snorm,8.053304746,-73617.01126,5.585
rt_diff,sGARCH,2,1,1,0,snorm,8.053480967,-73620.92003,4.398
rt_diff,sGARCH,1,1,0,0,snorm,8.059669572,-73682.1006,2.411
rt_diff,sGARCH,1,2,0,0,snorm,8.059926043,-73682.1481,3.32
rt_diff,sGARCH,2,1,0,0,snorm,8.059977687,-73682.62031,3.321
rt_diff,sGARCH,2,2,0,0,snorm,8.060177138,-73682.14647,3.953
rt_diff,sGARCH,1,2,0,1,norm,8.085792986,-73918.66249,3.219
rt_diff,sGARCH,2,2,0,1,norm,8.086044245,-73918.66236,4.429
rt_diff,sGARCH,1,1,0,1,norm,8.087750554,-73938.85906,3.305
rt_diff,sGARCH,2,1,0,1,norm,8.088050671,-73939.30564,4.137
rt_diff,sGARCH,1,1,1,0,norm,8.088413669,-73944.92225,3.485
rt_diff,sGARCH,2,1,1,0,norm,8.088711717,-73945.34991,4.097
rt_diff,sGARCH,1,2,1,0,norm,8.088873972,-73946.83349,3.494
rt_diff,sGARCH,2,2,1,0,norm,8.089126539,-73946.84531,4.048
rt_diff,sGARCH,1,1,0,0,norm,8.089613589,-73958.1913,2.121
rt_diff,sGARCH,1,2,0,0,norm,8.089854984,-73958.10092,2.556
rt_diff,sGARCH,2,1,0,0,norm,8.089914317,-73958.64343,2.602
rt_diff,sGARCH,2,2,0,0,norm,8.090106268,-73958.10099,3.083